Domain,Authentication_Method,Risk_Level
1000ps.at,OAuth 2.0,Low
100hires.com,OAuth 2.0,Low
10minuteschool.com,OAuth 2.0,Low
123elec.com,OAuth 2.0,Low
1up.ai,OAuth 2.0,Low
2050-materials.com,OAuth 2.0,Low
2cloudnine.com,OAuth 2.0,Low
2escape.nl,OAuth 2.0,Low
30x.com,OAuth 2.0,Low
360shuke.com,OAuth 2.0,Low
3dspark.de,OAuth 2.0,Low
3i.ai,OAuth 2.0,Low
4degrees.ai,OAuth 2.0,Low
500.co,OAuth 2.0,Low
51ultron.com,OAuth 2.0,Low
58pic.com,OAuth 2.0,Low
5gnetworks.au,OAuth 2.0,Low
6figr.com,OAuth 2.0,Low
8m.eu,OAuth 2.0,Low
99c.co.za,OAuth 2.0,Low
aaf.ro,OAuth 2.0,Low
aafs.org,OAuth 2.0,Low
aajil.sa,OAuth 2.0,Low
aarna.ai,OAuth 2.0,Low
abacatepay.com,OAuth 2.0,Low
abacum.ai,OAuth 2.0,Low
abatable.com,OAuth 2.0,Low
abclegal.com,OAuth 2.0,Low
abconvert.io,OAuth 2.0,Low
abill.io,OAuth 2.0,Low
absoluteinvestimentos.com.br,OAuth 2.0,Low
abundolive.se,OAuth 2.0,Low
accelera.tech,OAuth 2.0,Low
accessowl.com,OAuth 2.0,Low
acclinate.com,OAuth 2.0,Low
accuweather.com,OAuth 2.0,Low
aceworks.ai,OAuth 2.0,Low
aclarian.com,OAuth 2.0,Low
aclymate.com,OAuth 2.0,Low
across.to,OAuth 2.0,Low
acs-cam.com,OAuth 2.0,Low
ad-man.io,OAuth 2.0,Low
adamhall.com,OAuth 2.0,Low
adaptic.no,OAuth 2.0,Low
adaptive6.com,OAuth 2.0,Low
adbutler.com,OAuth 2.0,Low
adchieve.com,OAuth 2.0,Low
adentris.com,OAuth 2.0,Low
adlabs.app,OAuth 2.0,Low
admanage.ai,OAuth 2.0,Low
admove.ai,OAuth 2.0,Low
adology.ai,OAuth 2.0,Low
adologyai.com,OAuth 2.0,Low
adomik.com,OAuth 2.0,Low
adomni.com,OAuth 2.0,Low
adopt.ai,OAuth 2.0,Low
adp.com,OAuth 2.0,Low
adplenty.io,OAuth 2.0,Low
adplist.org,OAuth 2.0,Low
adscale.com,OAuth 2.0,Low
adsgency.ai,OAuth 2.0,Low
adsimple.at,OAuth 2.0,Low
adthena.com,OAuth 2.0,Low
advally.com,OAuth 2.0,Low
advancio.io,OAuth 2.0,Low
adverteyes.ai,OAuth 2.0,Low
adyntel.com,OAuth 2.0,Low
adzen.ai,OAuth 2.0,Low
adzgroup.net,OAuth 2.0,Low
aeroventures.com,OAuth 2.0,Low
aevo.xyz,OAuth 2.0,Low
affinda.com,OAuth 2.0,Low
affinitasdmcc.com,OAuth 2.0,Low
affinity.co,OAuth 2.0,Low
affinityanswers.com,OAuth 2.0,Low
affise.com,OAuth 2.0,Low
africadigitalconnect.net,OAuth 2.0,Low
afriex.com,OAuth 2.0,Low
agency.inc,OAuth 2.0,Low
agent.ai,OAuth 2.0,Low
agentic-data.com,OAuth 2.0,Low
agenticflow.ai,OAuth 2.0,Low
agentmail.to,OAuth 2.0,Low
agicap.com,OAuth 2.0,Low
agora.io,OAuth 2.0,Low
agorapulse.com,OAuth 2.0,Low
agrex.ai,OAuth 2.0,Low
agrexai.com,OAuth 2.0,Low
agrisafe.agr.br,OAuth 2.0,Low
aguiarinjurylawyers.com,OAuth 2.0,Low
ahaslides.com,OAuth 2.0,Low
aheadcomputing.com,OAuth 2.0,Low
ahoikapptn.com,OAuth 2.0,Low
aibox.ai,OAuth 2.0,Low
aico.swiss,OAuth 2.0,Low
aidentified.com,OAuth 2.0,Low
aiims.group,OAuth 2.0,Low
aimfox.com,OAuth 2.0,Low
airbridge.io,OAuth 2.0,Low
airframe.ai,OAuth 2.0,Low
airpay.co.in,OAuth 2.0,Low
airsaas.io,OAuth 2.0,Low
airtable.com,OAuth 2.0,Low
airwallex.com,OAuth 2.0,Low
aiseo.ai,OAuth 2.0,Low
aislelabs.com,OAuth 2.0,Low
aitomatic.com,OAuth 2.0,Low
aivideo.com,OAuth 2.0,Low
ajlanbros-holding.com,OAuth 2.0,Low
akamai.com,OAuth 2.0,Low
akiflow.com,OAuth 2.0,Low
akua.la,OAuth 2.0,Low
alaimolabs.com,OAuth 2.0,Low
alamah.om,OAuth 2.0,Low
alchemy.com,OAuth 2.0,Low
alegra.com,OAuth 2.0,Low
aleluya.com,OAuth 2.0,Low
alex.com,OAuth 2.0,Low
algoed.co,OAuth 2.0,Low
algolia.com,OAuth 2.0,Low
aljassar.com,OAuth 2.0,Low
allaboard.eu,OAuth 2.0,Low
allbridge.io,OAuth 2.0,Low
allcore.it,OAuth 2.0,Low
allears.ai,OAuth 2.0,Low
allegrow.co,OAuth 2.0,Low
allianceabroad.com,OAuth 2.0,Low
alliontechnologies.ca,OAuth 2.0,Low
allium.so,OAuth 2.0,Low
allocate.co,OAuth 2.0,Low
alloy.app,OAuth 2.0,Low
allsides.com,OAuth 2.0,Low
allunite.com,OAuth 2.0,Low
alma.food,OAuth 2.0,Low
alo-tech.com,OAuth 2.0,Low
alpaca.markets,OAuth 2.0,Low
alpha.ac,OAuth 2.0,Low
alphavantage.co,OAuth 2.0,Low
alpic.ai,OAuth 2.0,Low
alpy.com,OAuth 2.0,Low
alterdomus.com,OAuth 2.0,Low
altertable.ai,OAuth 2.0,Low
altfins.com,OAuth 2.0,Low
altfndata.com,OAuth 2.0,Low
altios.ai,OAuth 2.0,Low
altuspower.com,OAuth 2.0,Low
alvoradams.com.br,OAuth 2.0,Low
amalgamrx.com,OAuth 2.0,Low
amarix.com,OAuth 2.0,Low
amass.tech,OAuth 2.0,Low
ambarpartners.com,OAuth 2.0,Low
amentum.io,OAuth 2.0,Low
amityage.com,OAuth 2.0,Low
ammp.io,OAuth 2.0,Low
amove.io,OAuth 2.0,Low
amperity.com,OAuth 2.0,Low
amplifier.com,OAuth 2.0,Low
amplitude.com,OAuth 2.0,Low
ams-osram.com,OAuth 2.0,Low
amt.ai,OAuth 2.0,Low
anca.com,OAuth 2.0,Low
and.com,OAuth 2.0,Low
andcapitalventures.com,OAuth 2.0,Low
andiron.ai,OAuth 2.0,Low
ando.so,OAuth 2.0,Low
aneon.at,OAuth 2.0,Low
aniamanagement.com,OAuth 2.0,Low
animaj.com,OAuth 2.0,Low
anomalycapital.com,OAuth 2.0,Low
antavo.com,OAuth 2.0,Low
antbuddy.com,OAuth 2.0,Low
antimetal.com,OAuth 2.0,Low
antler.co,OAuth 2.0,Low
antsomi.com,OAuth 2.0,Low
anyonehome.com,OAuth 2.0,Low
apaleo.com,OAuth 2.0,Low
aparti.ai,OAuth 2.0,Low
aperture.london,OAuth 2.0,Low
api-and-you.com,OAuth 2.0,Low
apicbase.com,OAuth 2.0,Low
apify.com,OAuth 2.0,Low
apolline.art,OAuth 2.0,Low
apono.io,OAuth 2.0,Low
appcircle.io,OAuth 2.0,Low
appcues.com,OAuth 2.0,Low
appflow.ai,OAuth 2.0,Low
appliedmetatheory.org,OAuth 2.0,Low
applypass.com,OAuth 2.0,Low
appmedo.com,OAuth 2.0,Low
apprecio.com,OAuth 2.0,Low
apter.com.br,OAuth 2.0,Low
aptoide.com,OAuth 2.0,Low
aqmen.ai,OAuth 2.0,Low
aquant.ai,OAuth 2.0,Low
aquilax.ai,OAuth 2.0,Low
aquion.com.au,OAuth 2.0,Low
arcade.software,OAuth 2.0,Low
arcadis.com,OAuth 2.0,Low
arcananet.com,OAuth 2.0,Low
archera.ai,OAuth 2.0,Low
archilogic.com,OAuth 2.0,Low
arcwise.app,OAuth 2.0,Low
are.na,OAuth 2.0,Low
arena.com.tr,OAuth 2.0,Low
aries.com,OAuth 2.0,Low
aris.in,OAuth 2.0,Low
aritium.com,OAuth 2.0,Low
arll.eu,OAuth 2.0,Low
armature.tech,OAuth 2.0,Low
armor1.ai,OAuth 2.0,Low
aromatruffle.com,OAuth 2.0,Low
aroya.io,OAuth 2.0,Low
arta.ch,OAuth 2.0,Low
artblocks.io,OAuth 2.0,Low
artemis.ai,OAuth 2.0,Low
arternal.com,OAuth 2.0,Low
articulate.com,OAuth 2.0,Low
artie.com,OAuth 2.0,Low
artofscale.io,OAuth 2.0,Low
artxfood.fr,OAuth 2.0,Low
asana.com,OAuth 2.0,Low
ascendancy.co,OAuth 2.0,Low
ascgroup.net,OAuth 2.0,Low
ashbyhq.com,OAuth 2.0,Low
askable.com,OAuth 2.0,Low
askturing.ai,OAuth 2.0,Low
aspirelearning.app,OAuth 2.0,Low
asset-industrial.com,OAuth 2.0,Low
asteroid.ai,OAuth 2.0,Low
astra-sa.com,OAuth 2.0,Low
astrasync.ai,OAuth 2.0,Low
astrologyapi.com,OAuth 2.0,Low
athenium.com,OAuth 2.0,Low
atiaustralia.edu.au,OAuth 2.0,Low
atlan.com,OAuth 2.0,Low
atlar.com,OAuth 2.0,Low
atlaspeople.io,OAuth 2.0,Low
atlasx.co,OAuth 2.0,Low
atlys.com,OAuth 2.0,Low
atm-maggioli.es,OAuth 2.0,Low
atom.com,OAuth 2.0,Low
atomic.supply,OAuth 2.0,Low
atominvest.co,OAuth 2.0,Low
atqor.com,OAuth 2.0,Low
atriumdata.ai,OAuth 2.0,Low
attio.com,OAuth 2.0,Low
attomdata.com,OAuth 2.0,Low
attributionapp.com,OAuth 2.0,Low
audens-avocats.com,OAuth 2.0,Low
audible.com,OAuth 2.0,Low
audiencelab.io,OAuth 2.0,Low
audiopod.ai,OAuth 2.0,Low
audioscape.ai,OAuth 2.0,Low
auglio.com,OAuth 2.0,Low
augursecurity.com,OAuth 2.0,Low
aurait.ai,OAuth 2.0,Low
aurelian.com,OAuth 2.0,Low
austintechnology.com.au,OAuth 2.0,Low
authing.cn,OAuth 2.0,Low
authzed.com,OAuth 2.0,Low
autobahnporsche.com,OAuth 2.0,Low
autobooks.co,OAuth 2.0,Low
autonimate.com,OAuth 2.0,Low
autosana.ai,OAuth 2.0,Low
avalara.com,OAuth 2.0,Low
avertro.com,OAuth 2.0,Low
avmap.it,OAuth 2.0,Low
avo.app,OAuth 2.0,Low
avoma.com,OAuth 2.0,Low
awo.agency,OAuth 2.0,Low
axify.io,OAuth 2.0,Low
axiocap.com,OAuth 2.0,Low
axiom.co,OAuth 2.0,Low
axiommath.ai,OAuth 2.0,Low
ayana.com,OAuth 2.0,Low
azion.com,OAuth 2.0,Low
azxa.io,OAuth 2.0,Low
b.capital,OAuth 2.0,Low
b12.io,OAuth 2.0,Low
babbl-labs.com,OAuth 2.0,Low
babyjourney.se,OAuth 2.0,Low
backstage.com,OAuth 2.0,Low
backstory.ai,OAuth 2.0,Low
backyardbrains.com,OAuth 2.0,Low
badgermapping.com,OAuth 2.0,Low
badideas.fund,OAuth 2.0,Low
bagel.ai,OAuth 2.0,Low
bajajbroking.in,OAuth 2.0,Low
banked.com,OAuth 2.0,Low
barakadates.com,OAuth 2.0,Low
baredfootwear.com,OAuth 2.0,Low
baremetrics.com,OAuth 2.0,Low
barrowscs.com,OAuth 2.0,Low
base.org,OAuth 2.0,Low
base39.com.br,OAuth 2.0,Low
base8.io,OAuth 2.0,Low
basicops.com,OAuth 2.0,Low
baston.com.br,OAuth 2.0,Low
battery.com,OAuth 2.0,Low
baxtel.com,OAuth 2.0,Low
bazaart.com,OAuth 2.0,Low
bazaro.se,OAuth 2.0,Low
bazze.io,OAuth 2.0,Low
bdex.com,OAuth 2.0,Low
bdg.io,OAuth 2.0,Low
bdtax.com.bd,OAuth 2.0,Low
be.impact,OAuth 2.0,Low
beachbossinfluencers.com,OAuth 2.0,Low
beannbeancoffee.com,OAuth 2.0,Low
beaufort12.com,OAuth 2.0,Low
beautech.aero,OAuth 2.0,Low
bebakids.com,OAuth 2.0,Low
becomap.com,OAuth 2.0,Low
beemdata.com,OAuth 2.0,Low
beetshospitality.com,OAuth 2.0,Low
beforeyoubuy.com.au,OAuth 2.0,Low
befreed.ai,OAuth 2.0,Low
begolden.com.pl,OAuth 2.0,Low
beimpact.org,OAuth 2.0,Low
bellwetherit.com,OAuth 2.0,Low
benchmarkminerals.com,OAuth 2.0,Low
bendy.nl,OAuth 2.0,Low
bentleylewis.com,OAuth 2.0,Low
bentoengine.com,OAuth 2.0,Low
besample.app,OAuth 2.0,Low
besignal.com,OAuth 2.0,Low
better-auth.com,OAuth 2.0,Low
betterbugs.io,OAuth 2.0,Low
betterleap.com,OAuth 2.0,Low
betterstack.com,OAuth 2.0,Low
beveldata.com,OAuth 2.0,Low
beverage360.io,OAuth 2.0,Low
beycome.com,OAuth 2.0,Low
bfl.ai,OAuth 2.0,Low
bidprime.com,OAuth 2.0,Low
bigdata.com,OAuth 2.0,Low
bigenius-x.com,OAuth 2.0,Low
biggeo.com,OAuth 2.0,Low
billd.com,OAuth 2.0,Low
billygrace.com,OAuth 2.0,Low
binclusive.io,OAuth 2.0,Low
binderr.com,OAuth 2.0,Low
binetz.com,OAuth 2.0,Low
birdeye.so,OAuth 2.0,Low
bitcoin.com,OAuth 2.0,Low
bitmovin.com,OAuth 2.0,Low
bito.ai,OAuth 2.0,Low
bitpanda.com,OAuth 2.0,Low
bitrise.io,OAuth 2.0,Low
bitsight.com,OAuth 2.0,Low
bitsila.com,OAuth 2.0,Low
bixisoft.com,OAuth 2.0,Low
bizaway.com,OAuth 2.0,Low
bizstream.com,OAuth 2.0,Low
bksonline.nl,OAuth 2.0,Low
blanche-capital.fr,OAuth 2.0,Low
blaze.me,OAuth 2.0,Low
blazesql.com,OAuth 2.0,Low
blend-ai.com,OAuth 2.0,Low
blipply.com,OAuth 2.0,Low
bliss.me,OAuth 2.0,Low
blockbee.io,OAuth 2.0,Low
blockscholes.com,OAuth 2.0,Low
blocksize.info,OAuth 2.0,Low
bloomberg.com,OAuth 2.0,Low
bloomfield.ai,OAuth 2.0,Low
bloomreach.com,OAuth 2.0,Low
bloque.app,OAuth 2.0,Low
bluearf.com,OAuth 2.0,Low
bluefoxgroup.com,OAuth 2.0,Low
bluegamma.io,OAuth 2.0,Low
bluente.com,OAuth 2.0,Low
bluetriangle.com,OAuth 2.0,Low
bnicapital.com,OAuth 2.0,Low
bold-agro.ai,OAuth 2.0,Low
boltontechnology.com,OAuth 2.0,Low
boluda.com,OAuth 2.0,Low
bonafide.ai,OAuth 2.0,Low
bonfire.com,OAuth 2.0,Low
bonnie.ai,OAuth 2.0,Low
bonuz.market,OAuth 2.0,Low
bookline.io,OAuth 2.0,Low
boom.nl,OAuth 2.0,Low
boombattlebar.com,OAuth 2.0,Low
boompop.com,OAuth 2.0,Low
boost.space,OAuth 2.0,Low
boostmyshop.com,OAuth 2.0,Low
boostsecurity.io,OAuth 2.0,Low
bosonprotocol.io,OAuth 2.0,Low
botpresso.com,OAuth 2.0,Low
botsify.com,OAuth 2.0,Low
bounceinsights.com,OAuth 2.0,Low
box.mk,OAuth 2.0,Low
brainfab.com,OAuth 2.0,Low
brale.xyz,OAuth 2.0,Low
branch.co,OAuth 2.0,Low
brandient.com,OAuth 2.0,Low
brandsmeetcreators.com,OAuth 2.0,Low
breadcrumbs.app,OAuth 2.0,Low
breakthroughsales.io,OAuth 2.0,Low
breezy.hr,OAuth 2.0,Low
brevo.com,OAuth 2.0,Low
bridge.xyz,OAuth 2.0,Low
bridgeai.co.uk,OAuth 2.0,Low
bridgemarketplace.com,OAuth 2.0,Low
briecomterobert.fr,OAuth 2.0,Low
brightdome.com,OAuth 2.0,Low
brightedge.com,OAuth 2.0,Low
brightidea.com,OAuth 2.0,Low
brightmls.com,OAuth 2.0,Low
brombergtranslations.com,OAuth 2.0,Low
browserbase.com,OAuth 2.0,Low
browserless.io,OAuth 2.0,Low
brplusa.com,OAuth 2.0,Low
brusnika.ru,OAuth 2.0,Low
bryntum.com,OAuth 2.0,Low
bryter.io,OAuth 2.0,Low
brytonsport.com,OAuth 2.0,Low
buffer.com,OAuth 2.0,Low
bugasura.io,OAuth 2.0,Low
buhochile.com,OAuth 2.0,Low
build.ai,OAuth 2.0,Low
buildbetter.ai,OAuth 2.0,Low
builderhead.com,OAuth 2.0,Low
builders.studio,OAuth 2.0,Low
buildfire.com,OAuth 2.0,Low
buildkite.com,OAuth 2.0,Low
buildpeer.com,OAuth 2.0,Low
builtmighty.com,OAuth 2.0,Low
bulkpe.in,OAuth 2.0,Low
bullit.ai,OAuth 2.0,Low
bundesweit.digital,OAuth 2.0,Low
buycycle.,OAuth 2.0,Low
buycycle.com,OAuth 2.0,Low
bytefederal.com,OAuth 2.0,Low
bytehide.com,OAuth 2.0,Low
bytetravel.com,OAuth 2.0,Low
bzigo.com,OAuth 2.0,Low
c.scale,OAuth 2.0,Low
c3biz.com,OAuth 2.0,Low
cablesandkits.com,OAuth 2.0,Low
cabsin.org.br,OAuth 2.0,Low
caffeine.ai,OAuth 2.0,Low
caisgroup.com,OAuth 2.0,Low
cal.com,OAuth 2.0,Low
calendly.com,OAuth 2.0,Low
caliza.com,OAuth 2.0,Low
callhippo.com,OAuth 2.0,Low
callin.io,OAuth 2.0,Low
callpercy.com,OAuth 2.0,Low
cambridge-intelligence.com,OAuth 2.0,Low
cambridgetech.com,OAuth 2.0,Low
campaignswell.com,OAuth 2.0,Low
campcation.com,OAuth 2.0,Low
camsbiometrics.com,OAuth 2.0,Low
candid.org,OAuth 2.0,Low
cannaspyglass.com,OAuth 2.0,Low
canva.cn,OAuth 2.0,Low
canva.com,OAuth 2.0,Low
canvs.ai,OAuth 2.0,Low
capably.ai,OAuth 2.0,Low
capmission.ma,OAuth 2.0,Low
capptions.com,OAuth 2.0,Low
capsule.video,OAuth 2.0,Low
captaindata.com,OAuth 2.0,Low
carbonarc.ai,OAuth 2.0,Low
carbondefi.xyz,OAuth 2.0,Low
carbonstop.net,OAuth 2.0,Low
careflowiq.com,OAuth 2.0,Low
cargo.one,OAuth 2.0,Low
cargochief.com,OAuth 2.0,Low
carohq.com,OAuth 2.0,Low
carousell.com,OAuth 2.0,Low
carriyo.com,OAuth 2.0,Low
cars24.com,OAuth 2.0,Low
cartage.club,OAuth 2.0,Low
casablanca.at,OAuth 2.0,Low
casadosaber.com.br,OAuth 2.0,Low
casebook.net,OAuth 2.0,Low
casestatus.com,OAuth 2.0,Low
cashcow.com,OAuth 2.0,Low
cashflowfrog.com,OAuth 2.0,Low
cashfree.com,OAuth 2.0,Low
caspio.com,OAuth 2.0,Low
castawaycustoms.com,OAuth 2.0,Low
castlms.com,OAuth 2.0,Low
catalogit.app,OAuth 2.0,Low
catchpoint.com,OAuth 2.0,Low
catsy.com,OAuth 2.0,Low
cavai.com,OAuth 2.0,Low
cbinsights.com,OAuth 2.0,Low
ccare.org.au,OAuth 2.0,Low
ceel.io,OAuth 2.0,Low
ceo-cf.com,OAuth 2.0,Low
ceramic.ai,OAuth 2.0,Low
ceres.ai,OAuth 2.0,Low
ceresimaging.net,OAuth 2.0,Low
ceroresiduo.com,OAuth 2.0,Low
cevoid.com,OAuth 2.0,Low
cevro.ai,OAuth 2.0,Low
cezamemusic.com,OAuth 2.0,Low
ch7.com,OAuth 2.0,Low
chainstack.com,OAuth 2.0,Low
changdobels.se,OAuth 2.0,Low
chanjet.com,OAuth 2.0,Low
channel99.com,OAuth 2.0,Low
channelkey.com,OAuth 2.0,Low
chargebee.com,OAuth 2.0,Low
chariow.com,OAuth 2.0,Low
chartmetric.com,OAuth 2.0,Low
chatfunnel.com.br,OAuth 2.0,Low
checkhq.com,OAuth 2.0,Low
checkhub.io,OAuth 2.0,Low
checkr.com,OAuth 2.0,Low
cheersin.com,OAuth 2.0,Low
chetto.ai,OAuth 2.0,Low
chift.eu,OAuth 2.0,Low
chimnie.com,OAuth 2.0,Low
chimpx.ai,OAuth 2.0,Low
chipax.com,OAuth 2.0,Low
chisellabs.com,OAuth 2.0,Low
chonkie.ai,OAuth 2.0,Low
chordian.ai,OAuth 2.0,Low
chowdeck.com,OAuth 2.0,Low
ci-hub.com,OAuth 2.0,Low
cibc.com,OAuth 2.0,Low
cimri.com,OAuth 2.0,Low
cinch.com,OAuth 2.0,Low
cincopa.com,OAuth 2.0,Low
cinde.es,OAuth 2.0,Low
cinode.com,OAuth 2.0,Low
cirra.ai,OAuth 2.0,Low
civils.ai,OAuth 2.0,Low
cizgi.net,OAuth 2.0,Low
clappia.com,OAuth 2.0,Low
claravine.com,OAuth 2.0,Low
clarify.io,OAuth 2.0,Low
clarity.ai,OAuth 2.0,Low
classavo.com,OAuth 2.0,Low
classdojo.com,OAuth 2.0,Low
classe365.com,OAuth 2.0,Low
clazar.io,OAuth 2.0,Low
cleanhealthgroup.com,OAuth 2.0,Low
cleanslatedemolition.co.uk,OAuth 2.0,Low
clearer.io,OAuth 2.0,Low
cleartrip.com,OAuth 2.0,Low
clemta.com,OAuth 2.0,Low
cleo.com,OAuth 2.0,Low
clerk.ai,OAuth 2.0,Low
clerk.com,OAuth 2.0,Low
clerk.dev,OAuth 2.0,Low
cles.org,OAuth 2.0,Low
cleverly.de,OAuth 2.0,Low
clickflare.com,OAuth 2.0,Low
clickrain.com,OAuth 2.0,Low
clickup.com,OAuth 2.0,Low
clientacquisition.io,OAuth 2.0,Low
climateactiondata.org,OAuth 2.0,Low
climatiq.io,OAuth 2.0,Low
clinicadoleite.com.br,OAuth 2.0,Low
clint.digital,OAuth 2.0,Low
clipma.com,OAuth 2.0,Low
clockodo.com,OAuth 2.0,Low
clockworkrecruiting.com,OAuth 2.0,Low
clootrack.com,OAuth 2.0,Low
close.com,OAuth 2.0,Low
closedloop.ai,OAuth 2.0,Low
cloudamize.com,OAuth 2.0,Low
cloudcasa.io,OAuth 2.0,Low
cloudchipr.com,OAuth 2.0,Low
cloudeagle.ai,OAuth 2.0,Low
cloudflare.com,OAuth 2.0,Low
cloudglue.dev,OAuth 2.0,Low
cloudgov.ai,OAuth 2.0,Low
cloudshare.com,OAuth 2.0,Low
cloudsquid.io,OAuth 2.0,Low
cloverleaf.ai,OAuth 2.0,Low
clozd.com,OAuth 2.0,Low
clubecerto.com.br,OAuth 2.0,Low
cmercury.com,OAuth 2.0,Low
coastapp.com,OAuth 2.0,Low
coc.cv,OAuth 2.0,Low
cocooncenter.com,OAuth 2.0,Low
codease.io,OAuth 2.0,Low
codedthemes.com,OAuth 2.0,Low
codegen.com,OAuth 2.0,Low
codspeed.io,OAuth 2.0,Low
cofi.ai,OAuth 2.0,Low
cohley.com,OAuth 2.0,Low
coinex.com,OAuth 2.0,Low
coinmarketcap.com,OAuth 2.0,Low
coinpaprika.com,OAuth 2.0,Low
coinquant.ai,OAuth 2.0,Low
coinstats.app,OAuth 2.0,Low
coliving.com,OAuth 2.0,Low
collegepulse.com,OAuth 2.0,Low
combidesk.com,OAuth 2.0,Low
comet.rocks,OAuth 2.0,Low
cometchat.com,OAuth 2.0,Low
comillas.edu,OAuth 2.0,Low
commandcode.ai,OAuth 2.0,Low
commented.io,OAuth 2.0,Low
commonroom.io,OAuth 2.0,Low
commonscompany.com,OAuth 2.0,Low
community.com,OAuth 2.0,Low
communitypluscare.ca,OAuth 2.0,Low
companion.energy,OAuth 2.0,Low
companyenrich.com,OAuth 2.0,Low
compiler-explorer.com,OAuth 2.0,Low
compliancely.com,OAuth 2.0,Low
comscore.com,OAuth 2.0,Low
concord.app,OAuth 2.0,Low
cones.com,OAuth 2.0,Low
confident-ai.com,OAuth 2.0,Low
conjura.com,OAuth 2.0,Low
connect-x.tech,OAuth 2.0,Low
consensus.app,OAuth 2.0,Low
constructions-3d.com,OAuth 2.0,Low
construflow.com.br,OAuth 2.0,Low
consultant.net.ua,OAuth 2.0,Low
contable.app,OAuth 2.0,Low
contaja.com.br,OAuth 2.0,Low
content.one,OAuth 2.0,Low
contentcatalyst.com,OAuth 2.0,Low
contentful.com,OAuth 2.0,Low
contentignite.com,OAuth 2.0,Low
contentstudio.io,OAuth 2.0,Low
conteshop.nl,OAuth 2.0,Low
contextqa.com,OAuth 2.0,Low
continue.co,OAuth 2.0,Low
contractworkplaces.com,OAuth 2.0,Low
controlle.com,OAuth 2.0,Low
converge.it,OAuth 2.0,Low
conversionmediagroup.com,OAuth 2.0,Low
convertor.se,OAuth 2.0,Low
convesio.com,OAuth 2.0,Low
convex.dev,OAuth 2.0,Low
conveyor.com,OAuth 2.0,Low
conviva.ai,OAuth 2.0,Low
coolset.com,OAuth 2.0,Low
coolshop.com,OAuth 2.0,Low
cooroundtable.com,OAuth 2.0,Low
copilot.money,OAuth 2.0,Low
copilotkit.ai,OAuth 2.0,Low
cordova.com,OAuth 2.0,Low
coresignal.com,OAuth 2.0,Low
coretava.com,OAuth 2.0,Low
coris.ai,OAuth 2.0,Low
corneliajames.com,OAuth 2.0,Low
coros.com,OAuth 2.0,Low
cortea.ai,OAuth 2.0,Low
cortex.io,OAuth 2.0,Low
cosmitude.com,OAuth 2.0,Low
costplusdrugs.com,OAuth 2.0,Low
cotality.com,OAuth 2.0,Low
cottages.com,OAuth 2.0,Low
coupler.io,OAuth 2.0,Low
courier.com,OAuth 2.0,Low
coval.ai,OAuth 2.0,Low
covu.com,OAuth 2.0,Low
cpic.or.cr,OAuth 2.0,Low
cplace.com,OAuth 2.0,Low
cquencehealth.com,OAuth 2.0,Low
craft.io,OAuth 2.0,Low
creatordb.app,OAuth 2.0,Low
credibledata.com,OAuth 2.0,Low
creditmountain.co,OAuth 2.0,Low
credix.finance,OAuth 2.0,Low
credplatform.com,OAuth 2.0,Low
credyt.ai,OAuth 2.0,Low
cremedelacreme.io,OAuth 2.0,Low
crewos.io,OAuth 2.0,Low
crono.one,OAuth 2.0,Low
crossbeam.com,OAuth 2.0,Low
crowdfox.pro,OAuth 2.0,Low
crowdin.com,OAuth 2.0,Low
crowdreply.io,OAuth 2.0,Low
crstl.ai,OAuth 2.0,Low
crustdata.com,OAuth 2.0,Low
cruva.com,OAuth 2.0,Low
cruworldwine.com,OAuth 2.0,Low
crypto.com,OAuth 2.0,Low
cryptoquant.com,OAuth 2.0,Low
cryptorefills.com,OAuth 2.0,Low
crystalknows.com,OAuth 2.0,Low
crystallize.com,OAuth 2.0,Low
cscale.io,OAuth 2.0,Low
csllcnow.com,OAuth 2.0,Low
cst.co.uk,OAuth 2.0,Low
cta.tech,OAuth 2.0,Low
cuballama.com,OAuth 2.0,Low
cubesoftware.com,OAuth 2.0,Low
cubitrek.com,OAuth 2.0,Low
cuckooworkout.com,OAuth 2.0,Low
cuelinks.com,OAuth 2.0,Low
cuemath.com,OAuth 2.0,Low
cumar.com.ar,OAuth 2.0,Low
cumbuca.com,OAuth 2.0,Low
curate.co,OAuth 2.0,Low
curemedia.com,OAuth 2.0,Low
curri.com,OAuth 2.0,Low
cushingterrell.com,OAuth 2.0,Low
cusip.com,OAuth 2.0,Low
customer.io,OAuth 2.0,Low
customerly.io,OAuth 2.0,Low
customerscore.io,OAuth 2.0,Low
customily.com,OAuth 2.0,Low
cuure.com,OAuth 2.0,Low
cxplanner.com,OAuth 2.0,Low
cyberday.ai,OAuth 2.0,Low
cyberwave.com,OAuth 2.0,Low
cycloid.io,OAuth 2.0,Low
cymulate.com,OAuth 2.0,Low
cypress.io,OAuth 2.0,Low
daemo.ai,OAuth 2.0,Low
daloopa.com,OAuth 2.0,Low
dana.id,OAuth 2.0,Low
dancingdeadrecords.com,OAuth 2.0,Low
danelfin.com,OAuth 2.0,Low
daniel-ip.com,OAuth 2.0,Low
dapta.ai,OAuth 2.0,Low
darkmatter.is,OAuth 2.0,Low
dartai.com,OAuth 2.0,Low
dash.fi,OAuth 2.0,Low
dashbo.io,OAuth 2.0,Low
dashsocial.com,OAuth 2.0,Low
data-axle.com,OAuth 2.0,Low
data.gouv.fr,OAuth 2.0,Low
databar.ai,OAuth 2.0,Low
databox.com,OAuth 2.0,Low
datadome.co,OAuth 2.0,Low
dataforma.com,OAuth 2.0,Low
dataforseo.com,OAuth 2.0,Low
datagol.ai,OAuth 2.0,Low
datahawk.co,OAuth 2.0,Low
datahub.com,OAuth 2.0,Low
datalinks.com,OAuth 2.0,Low
datamaran.com,OAuth 2.0,Low
datanomik.com,OAuth 2.0,Low
dataplor.com,OAuth 2.0,Low
datapolicy.co,OAuth 2.0,Low
dataprovider.com,OAuth 2.0,Low
datarails.com,OAuth 2.0,Low
dataslayer.ai,OAuth 2.0,Low
dataspike.io,OAuth 2.0,Low
datayes.com,OAuth 2.0,Low
datocms.com,OAuth 2.0,Low
dcluttr.ai,OAuth 2.0,Low
dcm-inc.com,OAuth 2.0,Low
dcycle.io,OAuth 2.0,Low
dealmachine.com,OAuth 2.0,Low
dealroom.co,OAuth 2.0,Low
dealsplus.io,OAuth 2.0,Low
deapi.ai,OAuth 2.0,Low
decaid.ai,OAuth 2.0,Low
dedaluslabs.ai,OAuth 2.0,Low
deducta.ai,OAuth 2.0,Low
deepfaic.com,OAuth 2.0,Low
deepfreeze.com.br,OAuth 2.0,Low
deepidv.com,OAuth 2.0,Low
deepintent.com,OAuth 2.0,Low
deeploy.ai,OAuth 2.0,Low
deepsource.com,OAuth 2.0,Low
defactotech.com,OAuth 2.0,Low
defense.com,OAuth 2.0,Low
defense.com™,OAuth 2.0,Low
deficarrot.com,OAuth 2.0,Low
delta.app,OAuth 2.0,Low
deltax.la,OAuth 2.0,Low
democracy.works,OAuth 2.0,Low
demola.net,OAuth 2.0,Low
demostack.com,OAuth 2.0,Low
dennislawgh.com,OAuth 2.0,Low
deonlinedrogist.nl,OAuth 2.0,Low
desch.com,OAuth 2.0,Low
descope.com,OAuth 2.0,Low
deskea.com,OAuth 2.0,Low
deskfirst.com,OAuth 2.0,Low
deso.com,OAuth 2.0,Low
detrack.com,OAuth 2.0,Low
detrics.io,OAuth 2.0,Low
devally.com,OAuth 2.0,Low
devcycle.com,OAuth 2.0,Low
devdynamics.ai,OAuth 2.0,Low
devin.ai,OAuth 2.0,Low
devxhub.com,OAuth 2.0,Low
dgline.it,OAuth 2.0,Low
dhan.co,OAuth 2.0,Low
dice.com,OAuth 2.0,Low
dichiarofacile.it,OAuth 2.0,Low
didlogic.com,OAuth 2.0,Low
diffbot.com,OAuth 2.0,Low
diffly.co,OAuth 2.0,Low
digibull.ai,OAuth 2.0,Low
digioh.com,OAuth 2.0,Low
digistore24.com,OAuth 2.0,Low
digital-masters.de,OAuth 2.0,Low
digitald.tech,OAuth 2.0,Low
digitaldeluxe.com.au,OAuth 2.0,Low
digitaldtech.com,OAuth 2.0,Low
digitalhamster.com,OAuth 2.0,Low
digitaloriginal.app,OAuth 2.0,Low
digitalpages.com.br,OAuth 2.0,Low
digitalpolicyalert.org,OAuth 2.0,Low
digitalsamba.com,OAuth 2.0,Low
digitalsurge.com.au,OAuth 2.0,Low
digoo-it.com,OAuth 2.0,Low
dimoauto.com,OAuth 2.0,Low
dingtalk.com,OAuth 2.0,Low
discovercars.com,OAuth 2.0,Low
dispatchit.com,OAuth 2.0,Low
distil.ai,OAuth 2.0,Low
dizzain.com,OAuth 2.0,Low
dj.studio,OAuth 2.0,Low
dm.de,OAuth 2.0,Low
dma-group.co.uk,OAuth 2.0,Low
dmgmori.com,OAuth 2.0,Low
dng.ai,OAuth 2.0,Low
dobbyads.com,OAuth 2.0,Low
docsautomator.co,OAuth 2.0,Low
doctranslate.io,OAuth 2.0,Low
dodopayments.com,OAuth 2.0,Low
doit.com,OAuth 2.0,Low
dokaa.app,OAuth 2.0,Low
doktormartin.sk,OAuth 2.0,Low
doktorsitesi.com,OAuth 2.0,Low
doku.com,OAuth 2.0,Low
dometrain.com,OAuth 2.0,Low
doola.com,OAuth 2.0,Low
dorsia.com,OAuth 2.0,Low
dotter.me,OAuth 2.0,Low
dottopia.com,OAuth 2.0,Low
doubletick.io,OAuth 2.0,Low
drakerep.com,OAuth 2.0,Low
drata.com,OAuth 2.0,Low
dreamlit.ai,OAuth 2.0,Low
driva.io,OAuth 2.0,Low
drivana.mx,OAuth 2.0,Low
drivops.com,OAuth 2.0,Low
drmobile.com.br,OAuth 2.0,Low
dromeiot.com,OAuth 2.0,Low
dronahq.com,OAuth 2.0,Low
dronedeploy.com,OAuth 2.0,Low
droners.io,OAuth 2.0,Low
dronus.com,OAuth 2.0,Low
dropcontact.com,OAuth 2.0,Low
dropcowboy.com,OAuth 2.0,Low
drtaerospace.com,OAuth 2.0,Low
drugbank.com,OAuth 2.0,Low
dstillery.com,OAuth 2.0,Low
dubaisc.ae,OAuth 2.0,Low
duda.co,OAuth 2.0,Low
duelapay.com,OAuth 2.0,Low
dukascopy.com,OAuth 2.0,Low
dynamicmockups.com,OAuth 2.0,Low
dynamicore.io,OAuth 2.0,Low
dyvenia.com,OAuth 2.0,Low
e-cruce.com,OAuth 2.0,Low
e-gineering.com,OAuth 2.0,Low
e37.se,OAuth 2.0,Low
e4k.co,OAuth 2.0,Low
easesolutions.com,OAuth 2.0,Low
eastelectricalsupply.com,OAuth 2.0,Low
easycomp.ai,OAuth 2.0,Low
easydmarc.com,OAuth 2.0,Low
easyleadz.com,OAuth 2.0,Low
easyship.com,OAuth 2.0,Low
ecair.eco,OAuth 2.0,Low
ecdb.com,OAuth 2.0,Low
echo.ai,OAuth 2.0,Low
echomotion.ai,OAuth 2.0,Low
economicmind.com,OAuth 2.0,Low
economybookings.com,OAuth 2.0,Low
ecosystem.ai,OAuth 2.0,Low
eden.so,OAuth 2.0,Low
edgetier.com,OAuth 2.0,Low
edgevana.com,OAuth 2.0,Low
edgewaterresearch.com,OAuth 2.0,Low
edito-pdf.com,OAuth 2.0,Low
edittree.in,OAuth 2.0,Low
edustoke.com,OAuth 2.0,Low
effectix.com,OAuth 2.0,Low
efultimatebreak.com,OAuth 2.0,Low
einsteinmoving.com,OAuth 2.0,Low
eka.care,OAuth 2.0,Low
eker.com,OAuth 2.0,Low
el-dokan.com,OAuth 2.0,Low
eleanorhealthcaregroup.co.uk,OAuth 2.0,Low
elementbrooklyn.com,OAuth 2.0,Low
elemera.au,OAuth 2.0,Low
elevva.co,OAuth 2.0,Low
eliex.ai,OAuth 2.0,Low
elitesportstours.com,OAuth 2.0,Low
elkat.no,OAuth 2.0,Low
ellipsend.com,OAuth 2.0,Low
ellty.com,OAuth 2.0,Low
elnora.ai,OAuth 2.0,Low
em360tech.com,OAuth 2.0,Low
embankment.com,OAuth 2.0,Low
emerge-tech.io,OAuth 2.0,Low
enapter.com,OAuth 2.0,Low
encoda.com,OAuth 2.0,Low
encompassonsite.com,OAuth 2.0,Low
endotech.io,OAuth 2.0,Low
endre.app,OAuth 2.0,Low
enercity.de,OAuth 2.0,Low
energyaspects.com,OAuth 2.0,Low
energycap.com,OAuth 2.0,Low
engrate.io,OAuth 2.0,Low
enigma.com,OAuth 2.0,Low
enji.co,OAuth 2.0,Low
enlyft.com,OAuth 2.0,Low
enric.ai,OAuth 2.0,Low
enrich.so,OAuth 2.0,Low
enshift.com,OAuth 2.0,Low
enter.health,OAuth 2.0,Low
entravel.com,OAuth 2.0,Low
entri.com,OAuth 2.0,Low
entro.security,OAuth 2.0,Low
envato.com,OAuth 2.0,Low
envest.com.tr,OAuth 2.0,Low
enviaflores.com,OAuth 2.0,Low
envoy.com,OAuth 2.0,Low
envsn.com,OAuth 2.0,Low
eon.io,OAuth 2.0,Low
epam.com,OAuth 2.0,Low
epcvip.com,OAuth 2.0,Low
epsilon3.io,OAuth 2.0,Low
ept.ai,OAuth 2.0,Low
equilityhq.com,OAuth 2.0,Low
eramba.org,OAuth 2.0,Low
erlin.ai,OAuth 2.0,Low
escape.tech,OAuth 2.0,Low
esim.com.br,OAuth 2.0,Low
espm.br,OAuth 2.0,Low
esputnik.com,OAuth 2.0,Low
essentiallysports.com,OAuth 2.0,Low
est-grp.com,OAuth 2.0,Low
estarter.co,OAuth 2.0,Low
estoko.com,OAuth 2.0,Low
esw.com,OAuth 2.0,Low
etermax.com,OAuth 2.0,Low
etstur.com,OAuth 2.0,Low
eulerapp.com,OAuth 2.0,Low
eunice.ai,OAuth 2.0,Low
eurekabio.com,OAuth 2.0,Low
evcomechanical.com,OAuth 2.0,Low
eventship.com,OAuth 2.0,Low
everestlabs.ai,OAuth 2.0,Low
evernote.com,OAuth 2.0,Low
evertrace.ai,OAuth 2.0,Low
everwall.com,OAuth 2.0,Low
everymanjack.com,OAuth 2.0,Low
evolve-finance.com,OAuth 2.0,Low
evrim.ai,OAuth 2.0,Low
evye.co,OAuth 2.0,Low
exa.ai,OAuth 2.0,Low
excopartners.com,OAuth 2.0,Low
exotel.com,OAuth 2.0,Low
expanso.io,OAuth 2.0,Low
explorium.ai,OAuth 2.0,Low
expo.dev,OAuth 2.0,Low
extend.com,OAuth 2.0,Low
eyer.ai,OAuth 2.0,Low
eykdata.com,OAuth 2.0,Low
eztexting.com,OAuth 2.0,Low
ezurio.com,OAuth 2.0,Low
facesign.ai,OAuth 2.0,Low
facilio.com,OAuth 2.0,Low
factori.ai,OAuth 2.0,Low
facturadirecta.com,OAuth 2.0,Low
faculti.net,OAuth 2.0,Low
fairly.com,OAuth 2.0,Low
fakturaonline.cz,OAuth 2.0,Low
fal.ai,OAuth 2.0,Low
falconfeeds.io,OAuth 2.0,Low
familux.com,OAuth 2.0,Low
famousbirthdays.com,OAuth 2.0,Low
fanalists.com,OAuth 2.0,Low
farmley.com,OAuth 2.0,Low
fastbridgefiber.com,OAuth 2.0,Low
fastweigh.com,OAuth 2.0,Low
feathershark.com,OAuth 2.0,Low
fed10.ai,OAuth 2.0,Low
feeco.com,OAuth 2.0,Low
feedly.com,OAuth 2.0,Low
feedspace.io,OAuth 2.0,Low
fergus.com,OAuth 2.0,Low
ferryhopper.com,OAuth 2.0,Low
ferryscanner.com,OAuth 2.0,Low
fianu.io,OAuth 2.0,Low
fiber.ai,OAuth 2.0,Low
fifthrow.com,OAuth 2.0,Low
figr.design,OAuth 2.0,Low
file.ai,OAuth 2.0,Low
filika.co,OAuth 2.0,Low
finam.ru,OAuth 2.0,Low
findable.ai,OAuth 2.0,Low
findoctave.com,OAuth 2.0,Low
findy-team.io,OAuth 2.0,Low
findymail.com,OAuth 2.0,Low
fingertip.com,OAuth 2.0,Low
finoptimal.com,OAuth 2.0,Low
finout.io,OAuth 2.0,Low
finpact.ch,OAuth 2.0,Low
finthesis.io,OAuth 2.0,Low
fintoc.com,OAuth 2.0,Low
fireberry.com,OAuth 2.0,Low
firebird.ai,OAuth 2.0,Low
fireflies.ai,OAuth 2.0,Low
firmao.pl,OAuth 2.0,Low
firstlight.farm,OAuth 2.0,Low
fitbod.me,OAuth 2.0,Low
fitsamerica.com,OAuth 2.0,Low
fl3xx.com,OAuth 2.0,Low
flalingo.com,OAuth 2.0,Low
flashbots.net,OAuth 2.0,Low
flashvote.com,OAuth 2.0,Low
flavorcloud.com,OAuth 2.0,Low
fleetx.io,OAuth 2.0,Low
flexmls.com,OAuth 2.0,Low
flipsnack.com,OAuth 2.0,Low
flodesk.com,OAuth 2.0,Low
floorfound.com,OAuth 2.0,Low
floorspace.ca,OAuth 2.0,Low
flora.ai,OAuth 2.0,Low
flotiq.com,OAuth 2.0,Low
flowcode.com,OAuth 2.0,Low
flowcredi.com.br,OAuth 2.0,Low
flowgenx.ai,OAuth 2.0,Low
flowlogic.com.au,OAuth 2.0,Low
flowlu.com,OAuth 2.0,Low
flowrms.com,OAuth 2.0,Low
flue-ducting.co.uk,OAuth 2.0,Low
fluix.io,OAuth 2.0,Low
fluss.io,OAuth 2.0,Low
flyin.com,OAuth 2.0,Low
flylance.com,OAuth 2.0,Low
flymy.ai,OAuth 2.0,Low
fogodechao.com,OAuth 2.0,Low
fomo.ai,OAuth 2.0,Low
fonzi.ai,OAuth 2.0,Low
foodello.com,OAuth 2.0,Low
foresight.ai,OAuth 2.0,Low
forinvest.com,OAuth 2.0,Low
forkast.gg,OAuth 2.0,Low
formant.io,OAuth 2.0,Low
formassembly.com,OAuth 2.0,Low
formly.ai,OAuth 2.0,Low
forte.co.nz,OAuth 2.0,Low
forter.com,OAuth 2.0,Low
foundational.io,OAuth 2.0,Low
founderplus.id,OAuth 2.0,Low
fountain.com,OAuth 2.0,Low
fourthwall.tv,OAuth 2.0,Low
foxnews.com,OAuth 2.0,Low
fpre.ch,OAuth 2.0,Low
frambemanning.se,OAuth 2.0,Low
frame.io,OAuth 2.0,Low
frandesa.by,OAuth 2.0,Low
frankencoin.com,OAuth 2.0,Low
franklinsports.com,OAuth 2.0,Low
frankyandricky.com,OAuth 2.0,Low
fraudlogix.com,OAuth 2.0,Low
freedom.world,OAuth 2.0,Low
freee.co.jp,OAuth 2.0,Low
freee.k.k.,OAuth 2.0,Low
freelo.io,OAuth 2.0,Low
fresha.com,OAuth 2.0,Low
freshauto.ru,OAuth 2.0,Low
freshbus.com,OAuth 2.0,Low
freshpoint.cz,OAuth 2.0,Low
freshtrackscanada.com,OAuth 2.0,Low
frictionlessit.net,OAuth 2.0,Low
friday.nl,OAuth 2.0,Low
front.com,OAuth 2.0,Low
frontguys.fr,OAuth 2.0,Low
frsport.com,OAuth 2.0,Low
fryd.app,OAuth 2.0,Low
fulcra.ai,OAuth 2.0,Low
fulfyld.com,OAuth 2.0,Low
fundacion-viva.org,OAuth 2.0,Low
fundify.com,OAuth 2.0,Low
fungies.io,OAuth 2.0,Low
furious-squad.com,OAuth 2.0,Low
fuse.io,OAuth 2.0,Low
fuselabcreative.com,OAuth 2.0,Low
fusionpact.com,OAuth 2.0,Low
futureprinciple.com,OAuth 2.0,Low
futuresearch.ai,OAuth 2.0,Low
futuresnoops.com,OAuth 2.0,Low
fydeos.io,OAuth 2.0,Low
fyers.in,OAuth 2.0,Low
fyma.ai,OAuth 2.0,Low
fynite.ai,OAuth 2.0,Low
fyxer.com,OAuth 2.0,Low
fyxt.com,OAuth 2.0,Low
g2.com,OAuth 2.0,Low
gaana.com,OAuth 2.0,Low
gabriel.sk,OAuth 2.0,Low
