Domain,MCP_URL
1000ps.at,https://mcp.1000ps.at/.well-known/mcp-server
100hires.com,https://mcp.100hires.com/.well-known/mcp-server
10minuteschool.com,https://mcp.10minuteschool.com/.well-known/mcp-server
123elec.com,https://mcp.123elec.com/.well-known/mcp-server
1up.ai,https://mcp.1up.ai/.well-known/mcp-server
2050-materials.com,https://mcp.2050-materials.com/.well-known/mcp-server
2cloudnine.com,https://mcp.2cloudnine.com/.well-known/mcp-server
2escape.nl,https://mcp.2escape.nl/.well-known/mcp-server
30x.com,https://mcp.30x.com/.well-known/mcp-server
360shuke.com,https://mcp.360shuke.com/.well-known/mcp-server
3dspark.de,https://mcp.3dspark.de/.well-known/mcp-server
3i.ai,https://mcp.3i.ai/.well-known/mcp-server
4degrees.ai,https://mcp.4degrees.ai/.well-known/mcp-server
500.co,https://mcp.500.co/.well-known/mcp-server
51ultron.com,https://mcp.51ultron.com/.well-known/mcp-server
58pic.com,https://mcp.58pic.com/.well-known/mcp-server
5gnetworks.au,https://mcp.5gnetworks.au/.well-known/mcp-server
6figr.com,https://mcp.6figr.com/.well-known/mcp-server
8m.eu,https://mcp.8m.eu/.well-known/mcp-server
99c.co.za,https://mcp.99c.co.za/.well-known/mcp-server
aaf.ro,https://mcp.aaf.ro/.well-known/mcp-server
aafs.org,https://mcp.aafs.org/.well-known/mcp-server
aajil.sa,https://mcp.aajil.sa/.well-known/mcp-server
aarna.ai,https://mcp.aarna.ai/.well-known/mcp-server
abacatepay.com,https://mcp.abacatepay.com/.well-known/mcp-server
abacum.ai,https://mcp.abacum.ai/.well-known/mcp-server
abatable.com,https://mcp.abatable.com/.well-known/mcp-server
abclegal.com,https://mcp.abclegal.com/.well-known/mcp-server
abconvert.io,https://mcp.abconvert.io/.well-known/mcp-server
abill.io,https://mcp.abill.io/.well-known/mcp-server
absoluteinvestimentos.com.br,https://mcp.absoluteinvestimentos.com.br/.well-known/mcp-server
abundolive.se,https://mcp.abundolive.se/.well-known/mcp-server
accelera.tech,https://mcp.accelera.tech/.well-known/mcp-server
accessowl.com,https://mcp.accessowl.com/.well-known/mcp-server
acclinate.com,https://mcp.acclinate.com/.well-known/mcp-server
accuweather.com,https://mcp.accuweather.com/.well-known/mcp-server
aceworks.ai,https://mcp.aceworks.ai/.well-known/mcp-server
aclarian.com,https://mcp.aclarian.com/.well-known/mcp-server
aclymate.com,https://mcp.aclymate.com/.well-known/mcp-server
across.to,https://mcp.across.to/.well-known/mcp-server
acs-cam.com,https://mcp.acs-cam.com/.well-known/mcp-server
ad-man.io,https://mcp.ad-man.io/.well-known/mcp-server
adamhall.com,https://mcp.adamhall.com/.well-known/mcp-server
adaptic.no,https://mcp.adaptic.no/.well-known/mcp-server
adaptive6.com,https://mcp.adaptive6.com/.well-known/mcp-server
adbutler.com,https://mcp.adbutler.com/.well-known/mcp-server
adchieve.com,https://mcp.adchieve.com/.well-known/mcp-server
adentris.com,https://mcp.adentris.com/.well-known/mcp-server
adlabs.app,https://mcp.adlabs.app/.well-known/mcp-server
admanage.ai,https://mcp.admanage.ai/.well-known/mcp-server
admove.ai,https://mcp.admove.ai/.well-known/mcp-server
adology.ai,https://mcp.adology.ai/.well-known/mcp-server
adologyai.com,https://mcp.adologyai.com/.well-known/mcp-server
adomik.com,https://mcp.adomik.com/.well-known/mcp-server
adomni.com,https://mcp.adomni.com/.well-known/mcp-server
adopt.ai,https://mcp.adopt.ai/.well-known/mcp-server
adp.com,https://mcp.adp.com/.well-known/mcp-server
adplenty.io,https://mcp.adplenty.io/.well-known/mcp-server
adplist.org,https://mcp.adplist.org/.well-known/mcp-server
adscale.com,https://mcp.adscale.com/.well-known/mcp-server
adsgency.ai,https://mcp.adsgency.ai/.well-known/mcp-server
adsimple.at,https://mcp.adsimple.at/.well-known/mcp-server
adthena.com,https://mcp.adthena.com/.well-known/mcp-server
advally.com,https://mcp.advally.com/.well-known/mcp-server
advancio.io,https://mcp.advancio.io/.well-known/mcp-server
adverteyes.ai,https://mcp.adverteyes.ai/.well-known/mcp-server
adyntel.com,https://mcp.adyntel.com/.well-known/mcp-server
adzen.ai,https://mcp.adzen.ai/.well-known/mcp-server
adzgroup.net,https://mcp.adzgroup.net/.well-known/mcp-server
aeroventures.com,https://mcp.aeroventures.com/.well-known/mcp-server
aevo.xyz,https://mcp.aevo.xyz/.well-known/mcp-server
affinda.com,https://mcp.affinda.com/.well-known/mcp-server
affinitasdmcc.com,https://mcp.affinitasdmcc.com/.well-known/mcp-server
affinity.co,https://mcp.affinity.co/.well-known/mcp-server
affinityanswers.com,https://mcp.affinityanswers.com/.well-known/mcp-server
affise.com,https://mcp.affise.com/.well-known/mcp-server
africadigitalconnect.net,https://mcp.africadigitalconnect.net/.well-known/mcp-server
afriex.com,https://mcp.afriex.com/.well-known/mcp-server
agency.inc,https://mcp.agency.inc/.well-known/mcp-server
agent.ai,https://mcp.agent.ai/.well-known/mcp-server
agentic-data.com,https://mcp.agentic-data.com/.well-known/mcp-server
agenticflow.ai,https://mcp.agenticflow.ai/.well-known/mcp-server
agentmail.to,https://mcp.agentmail.to/.well-known/mcp-server
agicap.com,https://mcp.agicap.com/.well-known/mcp-server
agora.io,https://mcp.agora.io/.well-known/mcp-server
agorapulse.com,https://mcp.agorapulse.com/.well-known/mcp-server
agrex.ai,https://mcp.agrex.ai/.well-known/mcp-server
agrexai.com,https://mcp.agrexai.com/.well-known/mcp-server
agrisafe.agr.br,https://mcp.agrisafe.agr.br/.well-known/mcp-server
aguiarinjurylawyers.com,https://mcp.aguiarinjurylawyers.com/.well-known/mcp-server
ahaslides.com,https://mcp.ahaslides.com/.well-known/mcp-server
aheadcomputing.com,https://mcp.aheadcomputing.com/.well-known/mcp-server
ahoikapptn.com,https://mcp.ahoikapptn.com/.well-known/mcp-server
aibox.ai,https://mcp.aibox.ai/.well-known/mcp-server
aico.swiss,https://mcp.aico.swiss/.well-known/mcp-server
aidentified.com,https://mcp.aidentified.com/.well-known/mcp-server
aiims.group,https://mcp.aiims.group/.well-known/mcp-server
aimfox.com,https://mcp.aimfox.com/.well-known/mcp-server
airbridge.io,https://mcp.airbridge.io/.well-known/mcp-server
airframe.ai,https://mcp.airframe.ai/.well-known/mcp-server
airpay.co.in,https://mcp.airpay.co.in/.well-known/mcp-server
airsaas.io,https://mcp.airsaas.io/.well-known/mcp-server
airtable.com,https://mcp.airtable.com/.well-known/mcp-server
airwallex.com,https://mcp.airwallex.com/.well-known/mcp-server
aiseo.ai,https://mcp.aiseo.ai/.well-known/mcp-server
aislelabs.com,https://mcp.aislelabs.com/.well-known/mcp-server
aitomatic.com,https://mcp.aitomatic.com/.well-known/mcp-server
aivideo.com,https://mcp.aivideo.com/.well-known/mcp-server
ajlanbros-holding.com,https://mcp.ajlanbros-holding.com/.well-known/mcp-server
akamai.com,https://mcp.akamai.com/.well-known/mcp-server
akiflow.com,https://mcp.akiflow.com/.well-known/mcp-server
akua.la,https://mcp.akua.la/.well-known/mcp-server
alaimolabs.com,https://mcp.alaimolabs.com/.well-known/mcp-server
alamah.om,https://mcp.alamah.om/.well-known/mcp-server
alchemy.com,https://mcp.alchemy.com/.well-known/mcp-server
alegra.com,https://mcp.alegra.com/.well-known/mcp-server
aleluya.com,https://mcp.aleluya.com/.well-known/mcp-server
alex.com,https://mcp.alex.com/.well-known/mcp-server
algoed.co,https://mcp.algoed.co/.well-known/mcp-server
algolia.com,https://mcp.algolia.com/.well-known/mcp-server
aljassar.com,https://mcp.aljassar.com/.well-known/mcp-server
allaboard.eu,https://mcp.allaboard.eu/.well-known/mcp-server
allbridge.io,https://mcp.allbridge.io/.well-known/mcp-server
allcore.it,https://mcp.allcore.it/.well-known/mcp-server
allears.ai,https://mcp.allears.ai/.well-known/mcp-server
allegrow.co,https://mcp.allegrow.co/.well-known/mcp-server
allianceabroad.com,https://mcp.allianceabroad.com/.well-known/mcp-server
alliontechnologies.ca,https://mcp.alliontechnologies.ca/.well-known/mcp-server
allium.so,https://mcp.allium.so/.well-known/mcp-server
allocate.co,https://mcp.allocate.co/.well-known/mcp-server
alloy.app,https://mcp.alloy.app/.well-known/mcp-server
allsides.com,https://mcp.allsides.com/.well-known/mcp-server
allunite.com,https://mcp.allunite.com/.well-known/mcp-server
alma.food,https://mcp.alma.food/.well-known/mcp-server
alo-tech.com,https://mcp.alo-tech.com/.well-known/mcp-server
alpaca.markets,https://mcp.alpaca.markets/.well-known/mcp-server
alpha.ac,https://mcp.alpha.ac/.well-known/mcp-server
alphavantage.co,https://mcp.alphavantage.co/.well-known/mcp-server
alpic.ai,https://mcp.alpic.ai/.well-known/mcp-server
alpy.com,https://mcp.alpy.com/.well-known/mcp-server
alterdomus.com,https://mcp.alterdomus.com/.well-known/mcp-server
altertable.ai,https://mcp.altertable.ai/.well-known/mcp-server
altfins.com,https://mcp.altfins.com/.well-known/mcp-server
altfndata.com,https://mcp.altfndata.com/.well-known/mcp-server
altios.ai,https://mcp.altios.ai/.well-known/mcp-server
altuspower.com,https://mcp.altuspower.com/.well-known/mcp-server
alvoradams.com.br,https://mcp.alvoradams.com.br/.well-known/mcp-server
amalgamrx.com,https://mcp.amalgamrx.com/.well-known/mcp-server
amarix.com,https://mcp.amarix.com/.well-known/mcp-server
amass.tech,https://mcp.amass.tech/.well-known/mcp-server
ambarpartners.com,https://mcp.ambarpartners.com/.well-known/mcp-server
amentum.io,https://mcp.amentum.io/.well-known/mcp-server
amityage.com,https://mcp.amityage.com/.well-known/mcp-server
ammp.io,https://mcp.ammp.io/.well-known/mcp-server
amove.io,https://mcp.amove.io/.well-known/mcp-server
amperity.com,https://mcp.amperity.com/.well-known/mcp-server
amplifier.com,https://mcp.amplifier.com/.well-known/mcp-server
amplitude.com,https://mcp.amplitude.com/.well-known/mcp-server
ams-osram.com,https://mcp.ams-osram.com/.well-known/mcp-server
amt.ai,https://mcp.amt.ai/.well-known/mcp-server
anca.com,https://mcp.anca.com/.well-known/mcp-server
and.com,https://mcp.and.com/.well-known/mcp-server
andcapitalventures.com,https://mcp.andcapitalventures.com/.well-known/mcp-server
andiron.ai,https://mcp.andiron.ai/.well-known/mcp-server
ando.so,https://mcp.ando.so/.well-known/mcp-server
aneon.at,https://mcp.aneon.at/.well-known/mcp-server
aniamanagement.com,https://mcp.aniamanagement.com/.well-known/mcp-server
animaj.com,https://mcp.animaj.com/.well-known/mcp-server
anomalycapital.com,https://mcp.anomalycapital.com/.well-known/mcp-server
antavo.com,https://mcp.antavo.com/.well-known/mcp-server
antbuddy.com,https://mcp.antbuddy.com/.well-known/mcp-server
antimetal.com,https://mcp.antimetal.com/.well-known/mcp-server
antler.co,https://mcp.antler.co/.well-known/mcp-server
antsomi.com,https://mcp.antsomi.com/.well-known/mcp-server
anyonehome.com,https://mcp.anyonehome.com/.well-known/mcp-server
apaleo.com,https://mcp.apaleo.com/.well-known/mcp-server
aparti.ai,https://mcp.aparti.ai/.well-known/mcp-server
aperture.london,https://mcp.aperture.london/.well-known/mcp-server
api-and-you.com,https://mcp.api-and-you.com/.well-known/mcp-server
apicbase.com,https://mcp.apicbase.com/.well-known/mcp-server
apify.com,https://mcp.apify.com/.well-known/mcp-server
apolline.art,https://mcp.apolline.art/.well-known/mcp-server
apono.io,https://mcp.apono.io/.well-known/mcp-server
appcircle.io,https://mcp.appcircle.io/.well-known/mcp-server
appcues.com,https://mcp.appcues.com/.well-known/mcp-server
appflow.ai,https://mcp.appflow.ai/.well-known/mcp-server
appliedmetatheory.org,https://mcp.appliedmetatheory.org/.well-known/mcp-server
applypass.com,https://mcp.applypass.com/.well-known/mcp-server
appmedo.com,https://mcp.appmedo.com/.well-known/mcp-server
apprecio.com,https://mcp.apprecio.com/.well-known/mcp-server
apter.com.br,https://mcp.apter.com.br/.well-known/mcp-server
aptoide.com,https://mcp.aptoide.com/.well-known/mcp-server
aqmen.ai,https://mcp.aqmen.ai/.well-known/mcp-server
aquant.ai,https://mcp.aquant.ai/.well-known/mcp-server
aquilax.ai,https://mcp.aquilax.ai/.well-known/mcp-server
aquion.com.au,https://mcp.aquion.com.au/.well-known/mcp-server
arcade.software,https://mcp.arcade.software/.well-known/mcp-server
arcadis.com,https://mcp.arcadis.com/.well-known/mcp-server
arcananet.com,https://mcp.arcananet.com/.well-known/mcp-server
archera.ai,https://mcp.archera.ai/.well-known/mcp-server
archilogic.com,https://mcp.archilogic.com/.well-known/mcp-server
arcwise.app,https://mcp.arcwise.app/.well-known/mcp-server
are.na,https://mcp.are.na/.well-known/mcp-server
arena.com.tr,https://mcp.arena.com.tr/.well-known/mcp-server
aries.com,https://mcp.aries.com/.well-known/mcp-server
aris.in,https://mcp.aris.in/.well-known/mcp-server
aritium.com,https://mcp.aritium.com/.well-known/mcp-server
arll.eu,https://mcp.arll.eu/.well-known/mcp-server
armature.tech,https://mcp.armature.tech/.well-known/mcp-server
armor1.ai,https://mcp.armor1.ai/.well-known/mcp-server
aromatruffle.com,https://mcp.aromatruffle.com/.well-known/mcp-server
aroya.io,https://mcp.aroya.io/.well-known/mcp-server
arta.ch,https://mcp.arta.ch/.well-known/mcp-server
artblocks.io,https://mcp.artblocks.io/.well-known/mcp-server
artemis.ai,https://mcp.artemis.ai/.well-known/mcp-server
arternal.com,https://mcp.arternal.com/.well-known/mcp-server
articulate.com,https://mcp.articulate.com/.well-known/mcp-server
artie.com,https://mcp.artie.com/.well-known/mcp-server
artofscale.io,https://mcp.artofscale.io/.well-known/mcp-server
artxfood.fr,https://mcp.artxfood.fr/.well-known/mcp-server
asana.com,https://mcp.asana.com/.well-known/mcp-server
ascendancy.co,https://mcp.ascendancy.co/.well-known/mcp-server
ascgroup.net,https://mcp.ascgroup.net/.well-known/mcp-server
ashbyhq.com,https://mcp.ashbyhq.com/.well-known/mcp-server
askable.com,https://mcp.askable.com/.well-known/mcp-server
askturing.ai,https://mcp.askturing.ai/.well-known/mcp-server
aspirelearning.app,https://mcp.aspirelearning.app/.well-known/mcp-server
asset-industrial.com,https://mcp.asset-industrial.com/.well-known/mcp-server
asteroid.ai,https://mcp.asteroid.ai/.well-known/mcp-server
astra-sa.com,https://mcp.astra-sa.com/.well-known/mcp-server
astrasync.ai,https://mcp.astrasync.ai/.well-known/mcp-server
astrologyapi.com,https://mcp.astrologyapi.com/.well-known/mcp-server
athenium.com,https://mcp.athenium.com/.well-known/mcp-server
atiaustralia.edu.au,https://mcp.atiaustralia.edu.au/.well-known/mcp-server
atlan.com,https://mcp.atlan.com/.well-known/mcp-server
atlar.com,https://mcp.atlar.com/.well-known/mcp-server
atlaspeople.io,https://mcp.atlaspeople.io/.well-known/mcp-server
atlasx.co,https://mcp.atlasx.co/.well-known/mcp-server
atlys.com,https://mcp.atlys.com/.well-known/mcp-server
atm-maggioli.es,https://mcp.atm-maggioli.es/.well-known/mcp-server
atom.com,https://mcp.atom.com/.well-known/mcp-server
atomic.supply,https://mcp.atomic.supply/.well-known/mcp-server
atominvest.co,https://mcp.atominvest.co/.well-known/mcp-server
atqor.com,https://mcp.atqor.com/.well-known/mcp-server
atriumdata.ai,https://mcp.atriumdata.ai/.well-known/mcp-server
attio.com,https://mcp.attio.com/.well-known/mcp-server
attomdata.com,https://mcp.attomdata.com/.well-known/mcp-server
attributionapp.com,https://mcp.attributionapp.com/.well-known/mcp-server
audens-avocats.com,https://mcp.audens-avocats.com/.well-known/mcp-server
audible.com,https://mcp.audible.com/.well-known/mcp-server
audiencelab.io,https://mcp.audiencelab.io/.well-known/mcp-server
audiopod.ai,https://mcp.audiopod.ai/.well-known/mcp-server
audioscape.ai,https://mcp.audioscape.ai/.well-known/mcp-server
auglio.com,https://mcp.auglio.com/.well-known/mcp-server
augursecurity.com,https://mcp.augursecurity.com/.well-known/mcp-server
aurait.ai,https://mcp.aurait.ai/.well-known/mcp-server
aurelian.com,https://mcp.aurelian.com/.well-known/mcp-server
austintechnology.com.au,https://mcp.austintechnology.com.au/.well-known/mcp-server
authing.cn,https://mcp.authing.cn/.well-known/mcp-server
authzed.com,https://mcp.authzed.com/.well-known/mcp-server
autobahnporsche.com,https://mcp.autobahnporsche.com/.well-known/mcp-server
autobooks.co,https://mcp.autobooks.co/.well-known/mcp-server
autonimate.com,https://mcp.autonimate.com/.well-known/mcp-server
autosana.ai,https://mcp.autosana.ai/.well-known/mcp-server
avalara.com,https://mcp.avalara.com/.well-known/mcp-server
avertro.com,https://mcp.avertro.com/.well-known/mcp-server
avmap.it,https://mcp.avmap.it/.well-known/mcp-server
avo.app,https://mcp.avo.app/.well-known/mcp-server
avoma.com,https://mcp.avoma.com/.well-known/mcp-server
awo.agency,https://mcp.awo.agency/.well-known/mcp-server
axify.io,https://mcp.axify.io/.well-known/mcp-server
axiocap.com,https://mcp.axiocap.com/.well-known/mcp-server
axiom.co,https://mcp.axiom.co/.well-known/mcp-server
axiommath.ai,https://mcp.axiommath.ai/.well-known/mcp-server
ayana.com,https://mcp.ayana.com/.well-known/mcp-server
azion.com,https://mcp.azion.com/.well-known/mcp-server
azxa.io,https://mcp.azxa.io/.well-known/mcp-server
b.capital,https://mcp.b.capital/.well-known/mcp-server
b12.io,https://mcp.b12.io/.well-known/mcp-server
babbl-labs.com,https://mcp.babbl-labs.com/.well-known/mcp-server
babyjourney.se,https://mcp.babyjourney.se/.well-known/mcp-server
backstage.com,https://mcp.backstage.com/.well-known/mcp-server
backstory.ai,https://mcp.backstory.ai/.well-known/mcp-server
backyardbrains.com,https://mcp.backyardbrains.com/.well-known/mcp-server
badgermapping.com,https://mcp.badgermapping.com/.well-known/mcp-server
badideas.fund,https://mcp.badideas.fund/.well-known/mcp-server
bagel.ai,https://mcp.bagel.ai/.well-known/mcp-server
bajajbroking.in,https://mcp.bajajbroking.in/.well-known/mcp-server
banked.com,https://mcp.banked.com/.well-known/mcp-server
barakadates.com,https://mcp.barakadates.com/.well-known/mcp-server
baredfootwear.com,https://mcp.baredfootwear.com/.well-known/mcp-server
baremetrics.com,https://mcp.baremetrics.com/.well-known/mcp-server
barrowscs.com,https://mcp.barrowscs.com/.well-known/mcp-server
base.org,https://mcp.base.org/.well-known/mcp-server
base39.com.br,https://mcp.base39.com.br/.well-known/mcp-server
base8.io,https://mcp.base8.io/.well-known/mcp-server
basicops.com,https://mcp.basicops.com/.well-known/mcp-server
baston.com.br,https://mcp.baston.com.br/.well-known/mcp-server
battery.com,https://mcp.battery.com/.well-known/mcp-server
baxtel.com,https://mcp.baxtel.com/.well-known/mcp-server
bazaart.com,https://mcp.bazaart.com/.well-known/mcp-server
bazaro.se,https://mcp.bazaro.se/.well-known/mcp-server
bazze.io,https://mcp.bazze.io/.well-known/mcp-server
bdex.com,https://mcp.bdex.com/.well-known/mcp-server
bdg.io,https://mcp.bdg.io/.well-known/mcp-server
bdtax.com.bd,https://mcp.bdtax.com.bd/.well-known/mcp-server
be.impact,https://mcp.be.impact/.well-known/mcp-server
beachbossinfluencers.com,https://mcp.beachbossinfluencers.com/.well-known/mcp-server
beannbeancoffee.com,https://mcp.beannbeancoffee.com/.well-known/mcp-server
beaufort12.com,https://mcp.beaufort12.com/.well-known/mcp-server
beautech.aero,https://mcp.beautech.aero/.well-known/mcp-server
bebakids.com,https://mcp.bebakids.com/.well-known/mcp-server
becomap.com,https://mcp.becomap.com/.well-known/mcp-server
beemdata.com,https://mcp.beemdata.com/.well-known/mcp-server
beetshospitality.com,https://mcp.beetshospitality.com/.well-known/mcp-server
beforeyoubuy.com.au,https://mcp.beforeyoubuy.com.au/.well-known/mcp-server
befreed.ai,https://mcp.befreed.ai/.well-known/mcp-server
begolden.com.pl,https://mcp.begolden.com.pl/.well-known/mcp-server
beimpact.org,https://mcp.beimpact.org/.well-known/mcp-server
bellwetherit.com,https://mcp.bellwetherit.com/.well-known/mcp-server
benchmarkminerals.com,https://mcp.benchmarkminerals.com/.well-known/mcp-server
bendy.nl,https://mcp.bendy.nl/.well-known/mcp-server
bentleylewis.com,https://mcp.bentleylewis.com/.well-known/mcp-server
bentoengine.com,https://mcp.bentoengine.com/.well-known/mcp-server
besample.app,https://mcp.besample.app/.well-known/mcp-server
besignal.com,https://mcp.besignal.com/.well-known/mcp-server
better-auth.com,https://mcp.better-auth.com/.well-known/mcp-server
betterbugs.io,https://mcp.betterbugs.io/.well-known/mcp-server
betterleap.com,https://mcp.betterleap.com/.well-known/mcp-server
betterstack.com,https://mcp.betterstack.com/.well-known/mcp-server
beveldata.com,https://mcp.beveldata.com/.well-known/mcp-server
beverage360.io,https://mcp.beverage360.io/.well-known/mcp-server
beycome.com,https://mcp.beycome.com/.well-known/mcp-server
bfl.ai,https://mcp.bfl.ai/.well-known/mcp-server
bidprime.com,https://mcp.bidprime.com/.well-known/mcp-server
bigdata.com,https://mcp.bigdata.com/.well-known/mcp-server
bigenius-x.com,https://mcp.bigenius-x.com/.well-known/mcp-server
biggeo.com,https://mcp.biggeo.com/.well-known/mcp-server
billd.com,https://mcp.billd.com/.well-known/mcp-server
billygrace.com,https://mcp.billygrace.com/.well-known/mcp-server
binclusive.io,https://mcp.binclusive.io/.well-known/mcp-server
binderr.com,https://mcp.binderr.com/.well-known/mcp-server
binetz.com,https://mcp.binetz.com/.well-known/mcp-server
birdeye.so,https://mcp.birdeye.so/.well-known/mcp-server
bitcoin.com,https://mcp.bitcoin.com/.well-known/mcp-server
bitmovin.com,https://mcp.bitmovin.com/.well-known/mcp-server
bito.ai,https://mcp.bito.ai/.well-known/mcp-server
bitpanda.com,https://mcp.bitpanda.com/.well-known/mcp-server
bitrise.io,https://mcp.bitrise.io/.well-known/mcp-server
bitsight.com,https://mcp.bitsight.com/.well-known/mcp-server
bitsila.com,https://mcp.bitsila.com/.well-known/mcp-server
bixisoft.com,https://mcp.bixisoft.com/.well-known/mcp-server
bizaway.com,https://mcp.bizaway.com/.well-known/mcp-server
bizstream.com,https://mcp.bizstream.com/.well-known/mcp-server
bksonline.nl,https://mcp.bksonline.nl/.well-known/mcp-server
blanche-capital.fr,https://mcp.blanche-capital.fr/.well-known/mcp-server
blaze.me,https://mcp.blaze.me/.well-known/mcp-server
blazesql.com,https://mcp.blazesql.com/.well-known/mcp-server
blend-ai.com,https://mcp.blend-ai.com/.well-known/mcp-server
blipply.com,https://mcp.blipply.com/.well-known/mcp-server
bliss.me,https://mcp.bliss.me/.well-known/mcp-server
blockbee.io,https://mcp.blockbee.io/.well-known/mcp-server
blockscholes.com,https://mcp.blockscholes.com/.well-known/mcp-server
blocksize.info,https://mcp.blocksize.info/.well-known/mcp-server
bloomberg.com,https://mcp.bloomberg.com/.well-known/mcp-server
bloomfield.ai,https://mcp.bloomfield.ai/.well-known/mcp-server
bloomreach.com,https://mcp.bloomreach.com/.well-known/mcp-server
bloque.app,https://mcp.bloque.app/.well-known/mcp-server
bluearf.com,https://mcp.bluearf.com/.well-known/mcp-server
bluefoxgroup.com,https://mcp.bluefoxgroup.com/.well-known/mcp-server
bluegamma.io,https://mcp.bluegamma.io/.well-known/mcp-server
bluente.com,https://mcp.bluente.com/.well-known/mcp-server
bluetriangle.com,https://mcp.bluetriangle.com/.well-known/mcp-server
bnicapital.com,https://mcp.bnicapital.com/.well-known/mcp-server
bold-agro.ai,https://mcp.bold-agro.ai/.well-known/mcp-server
boltontechnology.com,https://mcp.boltontechnology.com/.well-known/mcp-server
boluda.com,https://mcp.boluda.com/.well-known/mcp-server
bonafide.ai,https://mcp.bonafide.ai/.well-known/mcp-server
bonfire.com,https://mcp.bonfire.com/.well-known/mcp-server
bonnie.ai,https://mcp.bonnie.ai/.well-known/mcp-server
bonuz.market,https://mcp.bonuz.market/.well-known/mcp-server
bookline.io,https://mcp.bookline.io/.well-known/mcp-server
boom.nl,https://mcp.boom.nl/.well-known/mcp-server
boombattlebar.com,https://mcp.boombattlebar.com/.well-known/mcp-server
boompop.com,https://mcp.boompop.com/.well-known/mcp-server
boost.space,https://mcp.boost.space/.well-known/mcp-server
boostmyshop.com,https://mcp.boostmyshop.com/.well-known/mcp-server
boostsecurity.io,https://mcp.boostsecurity.io/.well-known/mcp-server
bosonprotocol.io,https://mcp.bosonprotocol.io/.well-known/mcp-server
botpresso.com,https://mcp.botpresso.com/.well-known/mcp-server
botsify.com,https://mcp.botsify.com/.well-known/mcp-server
bounceinsights.com,https://mcp.bounceinsights.com/.well-known/mcp-server
box.mk,https://mcp.box.mk/.well-known/mcp-server
brainfab.com,https://mcp.brainfab.com/.well-known/mcp-server
brale.xyz,https://mcp.brale.xyz/.well-known/mcp-server
branch.co,https://mcp.branch.co/.well-known/mcp-server
brandient.com,https://mcp.brandient.com/.well-known/mcp-server
brandsmeetcreators.com,https://mcp.brandsmeetcreators.com/.well-known/mcp-server
breadcrumbs.app,https://mcp.breadcrumbs.app/.well-known/mcp-server
breakthroughsales.io,https://mcp.breakthroughsales.io/.well-known/mcp-server
breezy.hr,https://mcp.breezy.hr/.well-known/mcp-server
brevo.com,https://mcp.brevo.com/.well-known/mcp-server
bridge.xyz,https://mcp.bridge.xyz/.well-known/mcp-server
bridgeai.co.uk,https://mcp.bridgeai.co.uk/.well-known/mcp-server
bridgemarketplace.com,https://mcp.bridgemarketplace.com/.well-known/mcp-server
briecomterobert.fr,https://mcp.briecomterobert.fr/.well-known/mcp-server
brightdome.com,https://mcp.brightdome.com/.well-known/mcp-server
brightedge.com,https://mcp.brightedge.com/.well-known/mcp-server
brightidea.com,https://mcp.brightidea.com/.well-known/mcp-server
brightmls.com,https://mcp.brightmls.com/.well-known/mcp-server
brombergtranslations.com,https://mcp.brombergtranslations.com/.well-known/mcp-server
browserbase.com,https://mcp.browserbase.com/.well-known/mcp-server
browserless.io,https://mcp.browserless.io/.well-known/mcp-server
brplusa.com,https://mcp.brplusa.com/.well-known/mcp-server
brusnika.ru,https://mcp.brusnika.ru/.well-known/mcp-server
bryntum.com,https://mcp.bryntum.com/.well-known/mcp-server
bryter.io,https://mcp.bryter.io/.well-known/mcp-server
brytonsport.com,https://mcp.brytonsport.com/.well-known/mcp-server
buffer.com,https://mcp.buffer.com/.well-known/mcp-server
bugasura.io,https://mcp.bugasura.io/.well-known/mcp-server
buhochile.com,https://mcp.buhochile.com/.well-known/mcp-server
build.ai,https://mcp.build.ai/.well-known/mcp-server
buildbetter.ai,https://mcp.buildbetter.ai/.well-known/mcp-server
builderhead.com,https://mcp.builderhead.com/.well-known/mcp-server
builders.studio,https://mcp.builders.studio/.well-known/mcp-server
buildfire.com,https://mcp.buildfire.com/.well-known/mcp-server
buildkite.com,https://mcp.buildkite.com/.well-known/mcp-server
buildpeer.com,https://mcp.buildpeer.com/.well-known/mcp-server
builtmighty.com,https://mcp.builtmighty.com/.well-known/mcp-server
bulkpe.in,https://mcp.bulkpe.in/.well-known/mcp-server
bullit.ai,https://mcp.bullit.ai/.well-known/mcp-server
bundesweit.digital,https://mcp.bundesweit.digital/.well-known/mcp-server
buycycle.,https://mcp.buycycle./.well-known/mcp-server
buycycle.com,https://mcp.buycycle.com/.well-known/mcp-server
bytefederal.com,https://mcp.bytefederal.com/.well-known/mcp-server
bytehide.com,https://mcp.bytehide.com/.well-known/mcp-server
bytetravel.com,https://mcp.bytetravel.com/.well-known/mcp-server
bzigo.com,https://mcp.bzigo.com/.well-known/mcp-server
c.scale,https://mcp.c.scale/.well-known/mcp-server
c3biz.com,https://mcp.c3biz.com/.well-known/mcp-server
cablesandkits.com,https://mcp.cablesandkits.com/.well-known/mcp-server
cabsin.org.br,https://mcp.cabsin.org.br/.well-known/mcp-server
caffeine.ai,https://mcp.caffeine.ai/.well-known/mcp-server
caisgroup.com,https://mcp.caisgroup.com/.well-known/mcp-server
cal.com,https://mcp.cal.com/.well-known/mcp-server
calendly.com,https://mcp.calendly.com/.well-known/mcp-server
caliza.com,https://mcp.caliza.com/.well-known/mcp-server
callhippo.com,https://mcp.callhippo.com/.well-known/mcp-server
callin.io,https://mcp.callin.io/.well-known/mcp-server
callpercy.com,https://mcp.callpercy.com/.well-known/mcp-server
cambridge-intelligence.com,https://mcp.cambridge-intelligence.com/.well-known/mcp-server
cambridgetech.com,https://mcp.cambridgetech.com/.well-known/mcp-server
campaignswell.com,https://mcp.campaignswell.com/.well-known/mcp-server
campcation.com,https://mcp.campcation.com/.well-known/mcp-server
camsbiometrics.com,https://mcp.camsbiometrics.com/.well-known/mcp-server
candid.org,https://mcp.candid.org/.well-known/mcp-server
cannaspyglass.com,https://mcp.cannaspyglass.com/.well-known/mcp-server
canva.cn,https://mcp.canva.cn/.well-known/mcp-server
canva.com,https://mcp.canva.com/.well-known/mcp-server
canvs.ai,https://mcp.canvs.ai/.well-known/mcp-server
capably.ai,https://mcp.capably.ai/.well-known/mcp-server
capmission.ma,https://mcp.capmission.ma/.well-known/mcp-server
capptions.com,https://mcp.capptions.com/.well-known/mcp-server
capsule.video,https://mcp.capsule.video/.well-known/mcp-server
captaindata.com,https://mcp.captaindata.com/.well-known/mcp-server
carbonarc.ai,https://mcp.carbonarc.ai/.well-known/mcp-server
carbondefi.xyz,https://mcp.carbondefi.xyz/.well-known/mcp-server
carbonstop.net,https://mcp.carbonstop.net/.well-known/mcp-server
careflowiq.com,https://mcp.careflowiq.com/.well-known/mcp-server
cargo.one,https://mcp.cargo.one/.well-known/mcp-server
cargochief.com,https://mcp.cargochief.com/.well-known/mcp-server
carohq.com,https://mcp.carohq.com/.well-known/mcp-server
carousell.com,https://mcp.carousell.com/.well-known/mcp-server
carriyo.com,https://mcp.carriyo.com/.well-known/mcp-server
cars24.com,https://mcp.cars24.com/.well-known/mcp-server
cartage.club,https://mcp.cartage.club/.well-known/mcp-server
casablanca.at,https://mcp.casablanca.at/.well-known/mcp-server
casadosaber.com.br,https://mcp.casadosaber.com.br/.well-known/mcp-server
casebook.net,https://mcp.casebook.net/.well-known/mcp-server
casestatus.com,https://mcp.casestatus.com/.well-known/mcp-server
cashcow.com,https://mcp.cashcow.com/.well-known/mcp-server
cashflowfrog.com,https://mcp.cashflowfrog.com/.well-known/mcp-server
cashfree.com,https://mcp.cashfree.com/.well-known/mcp-server
caspio.com,https://mcp.caspio.com/.well-known/mcp-server
castawaycustoms.com,https://mcp.castawaycustoms.com/.well-known/mcp-server
castlms.com,https://mcp.castlms.com/.well-known/mcp-server
catalogit.app,https://mcp.catalogit.app/.well-known/mcp-server
catchpoint.com,https://mcp.catchpoint.com/.well-known/mcp-server
catsy.com,https://mcp.catsy.com/.well-known/mcp-server
cavai.com,https://mcp.cavai.com/.well-known/mcp-server
cbinsights.com,https://mcp.cbinsights.com/.well-known/mcp-server
ccare.org.au,https://mcp.ccare.org.au/.well-known/mcp-server
ceel.io,https://mcp.ceel.io/.well-known/mcp-server
ceo-cf.com,https://mcp.ceo-cf.com/.well-known/mcp-server
ceramic.ai,https://mcp.ceramic.ai/.well-known/mcp-server
ceres.ai,https://mcp.ceres.ai/.well-known/mcp-server
ceresimaging.net,https://mcp.ceresimaging.net/.well-known/mcp-server
ceroresiduo.com,https://mcp.ceroresiduo.com/.well-known/mcp-server
cevoid.com,https://mcp.cevoid.com/.well-known/mcp-server
cevro.ai,https://mcp.cevro.ai/.well-known/mcp-server
cezamemusic.com,https://mcp.cezamemusic.com/.well-known/mcp-server
ch7.com,https://mcp.ch7.com/.well-known/mcp-server
chainstack.com,https://mcp.chainstack.com/.well-known/mcp-server
changdobels.se,https://mcp.changdobels.se/.well-known/mcp-server
chanjet.com,https://mcp.chanjet.com/.well-known/mcp-server
channel99.com,https://mcp.channel99.com/.well-known/mcp-server
channelkey.com,https://mcp.channelkey.com/.well-known/mcp-server
chargebee.com,https://mcp.chargebee.com/.well-known/mcp-server
chariow.com,https://mcp.chariow.com/.well-known/mcp-server
chartmetric.com,https://mcp.chartmetric.com/.well-known/mcp-server
chatfunnel.com.br,https://mcp.chatfunnel.com.br/.well-known/mcp-server
checkhq.com,https://mcp.checkhq.com/.well-known/mcp-server
checkhub.io,https://mcp.checkhub.io/.well-known/mcp-server
checkr.com,https://mcp.checkr.com/.well-known/mcp-server
cheersin.com,https://mcp.cheersin.com/.well-known/mcp-server
chetto.ai,https://mcp.chetto.ai/.well-known/mcp-server
chift.eu,https://mcp.chift.eu/.well-known/mcp-server
chimnie.com,https://mcp.chimnie.com/.well-known/mcp-server
chimpx.ai,https://mcp.chimpx.ai/.well-known/mcp-server
chipax.com,https://mcp.chipax.com/.well-known/mcp-server
chisellabs.com,https://mcp.chisellabs.com/.well-known/mcp-server
chonkie.ai,https://mcp.chonkie.ai/.well-known/mcp-server
chordian.ai,https://mcp.chordian.ai/.well-known/mcp-server
chowdeck.com,https://mcp.chowdeck.com/.well-known/mcp-server
ci-hub.com,https://mcp.ci-hub.com/.well-known/mcp-server
cibc.com,https://mcp.cibc.com/.well-known/mcp-server
cimri.com,https://mcp.cimri.com/.well-known/mcp-server
cinch.com,https://mcp.cinch.com/.well-known/mcp-server
cincopa.com,https://mcp.cincopa.com/.well-known/mcp-server
cinde.es,https://mcp.cinde.es/.well-known/mcp-server
cinode.com,https://mcp.cinode.com/.well-known/mcp-server
cirra.ai,https://mcp.cirra.ai/.well-known/mcp-server
civils.ai,https://mcp.civils.ai/.well-known/mcp-server
cizgi.net,https://mcp.cizgi.net/.well-known/mcp-server
clappia.com,https://mcp.clappia.com/.well-known/mcp-server
claravine.com,https://mcp.claravine.com/.well-known/mcp-server
clarify.io,https://mcp.clarify.io/.well-known/mcp-server
clarity.ai,https://mcp.clarity.ai/.well-known/mcp-server
classavo.com,https://mcp.classavo.com/.well-known/mcp-server
classdojo.com,https://mcp.classdojo.com/.well-known/mcp-server
classe365.com,https://mcp.classe365.com/.well-known/mcp-server
clazar.io,https://mcp.clazar.io/.well-known/mcp-server
cleanhealthgroup.com,https://mcp.cleanhealthgroup.com/.well-known/mcp-server
cleanslatedemolition.co.uk,https://mcp.cleanslatedemolition.co.uk/.well-known/mcp-server
clearer.io,https://mcp.clearer.io/.well-known/mcp-server
cleartrip.com,https://mcp.cleartrip.com/.well-known/mcp-server
clemta.com,https://mcp.clemta.com/.well-known/mcp-server
cleo.com,https://mcp.cleo.com/.well-known/mcp-server
clerk.ai,https://mcp.clerk.ai/.well-known/mcp-server
clerk.com,https://mcp.clerk.com/.well-known/mcp-server
clerk.dev,https://mcp.clerk.dev/.well-known/mcp-server
cles.org,https://mcp.cles.org/.well-known/mcp-server
cleverly.de,https://mcp.cleverly.de/.well-known/mcp-server
clickflare.com,https://mcp.clickflare.com/.well-known/mcp-server
clickrain.com,https://mcp.clickrain.com/.well-known/mcp-server
clickup.com,https://mcp.clickup.com/.well-known/mcp-server
clientacquisition.io,https://mcp.clientacquisition.io/.well-known/mcp-server
climateactiondata.org,https://mcp.climateactiondata.org/.well-known/mcp-server
climatiq.io,https://mcp.climatiq.io/.well-known/mcp-server
clinicadoleite.com.br,https://mcp.clinicadoleite.com.br/.well-known/mcp-server
clint.digital,https://mcp.clint.digital/.well-known/mcp-server
clipma.com,https://mcp.clipma.com/.well-known/mcp-server
clockodo.com,https://mcp.clockodo.com/.well-known/mcp-server
clockworkrecruiting.com,https://mcp.clockworkrecruiting.com/.well-known/mcp-server
clootrack.com,https://mcp.clootrack.com/.well-known/mcp-server
close.com,https://mcp.close.com/.well-known/mcp-server
closedloop.ai,https://mcp.closedloop.ai/.well-known/mcp-server
cloudamize.com,https://mcp.cloudamize.com/.well-known/mcp-server
cloudcasa.io,https://mcp.cloudcasa.io/.well-known/mcp-server
cloudchipr.com,https://mcp.cloudchipr.com/.well-known/mcp-server
cloudeagle.ai,https://mcp.cloudeagle.ai/.well-known/mcp-server
cloudflare.com,https://mcp.cloudflare.com/.well-known/mcp-server
cloudglue.dev,https://mcp.cloudglue.dev/.well-known/mcp-server
cloudgov.ai,https://mcp.cloudgov.ai/.well-known/mcp-server
cloudshare.com,https://mcp.cloudshare.com/.well-known/mcp-server
cloudsquid.io,https://mcp.cloudsquid.io/.well-known/mcp-server
cloverleaf.ai,https://mcp.cloverleaf.ai/.well-known/mcp-server
clozd.com,https://mcp.clozd.com/.well-known/mcp-server
clubecerto.com.br,https://mcp.clubecerto.com.br/.well-known/mcp-server
cmercury.com,https://mcp.cmercury.com/.well-known/mcp-server
coastapp.com,https://mcp.coastapp.com/.well-known/mcp-server
coc.cv,https://mcp.coc.cv/.well-known/mcp-server
cocooncenter.com,https://mcp.cocooncenter.com/.well-known/mcp-server
codease.io,https://mcp.codease.io/.well-known/mcp-server
codedthemes.com,https://mcp.codedthemes.com/.well-known/mcp-server
codegen.com,https://mcp.codegen.com/.well-known/mcp-server
codspeed.io,https://mcp.codspeed.io/.well-known/mcp-server
cofi.ai,https://mcp.cofi.ai/.well-known/mcp-server
cohley.com,https://mcp.cohley.com/.well-known/mcp-server
coinex.com,https://mcp.coinex.com/.well-known/mcp-server
coinmarketcap.com,https://mcp.coinmarketcap.com/.well-known/mcp-server
coinpaprika.com,https://mcp.coinpaprika.com/.well-known/mcp-server
coinquant.ai,https://mcp.coinquant.ai/.well-known/mcp-server
coinstats.app,https://mcp.coinstats.app/.well-known/mcp-server
coliving.com,https://mcp.coliving.com/.well-known/mcp-server
collegepulse.com,https://mcp.collegepulse.com/.well-known/mcp-server
combidesk.com,https://mcp.combidesk.com/.well-known/mcp-server
comet.rocks,https://mcp.comet.rocks/.well-known/mcp-server
cometchat.com,https://mcp.cometchat.com/.well-known/mcp-server
comillas.edu,https://mcp.comillas.edu/.well-known/mcp-server
commandcode.ai,https://mcp.commandcode.ai/.well-known/mcp-server
commented.io,https://mcp.commented.io/.well-known/mcp-server
commonroom.io,https://mcp.commonroom.io/.well-known/mcp-server
commonscompany.com,https://mcp.commonscompany.com/.well-known/mcp-server
community.com,https://mcp.community.com/.well-known/mcp-server
communitypluscare.ca,https://mcp.communitypluscare.ca/.well-known/mcp-server
companion.energy,https://mcp.companion.energy/.well-known/mcp-server
companyenrich.com,https://mcp.companyenrich.com/.well-known/mcp-server
compiler-explorer.com,https://mcp.compiler-explorer.com/.well-known/mcp-server
compliancely.com,https://mcp.compliancely.com/.well-known/mcp-server
comscore.com,https://mcp.comscore.com/.well-known/mcp-server
concord.app,https://mcp.concord.app/.well-known/mcp-server
cones.com,https://mcp.cones.com/.well-known/mcp-server
confident-ai.com,https://mcp.confident-ai.com/.well-known/mcp-server
conjura.com,https://mcp.conjura.com/.well-known/mcp-server
connect-x.tech,https://mcp.connect-x.tech/.well-known/mcp-server
consensus.app,https://mcp.consensus.app/.well-known/mcp-server
constructions-3d.com,https://mcp.constructions-3d.com/.well-known/mcp-server
construflow.com.br,https://mcp.construflow.com.br/.well-known/mcp-server
consultant.net.ua,https://mcp.consultant.net.ua/.well-known/mcp-server
contable.app,https://mcp.contable.app/.well-known/mcp-server
contaja.com.br,https://mcp.contaja.com.br/.well-known/mcp-server
content.one,https://mcp.content.one/.well-known/mcp-server
contentcatalyst.com,https://mcp.contentcatalyst.com/.well-known/mcp-server
contentful.com,https://mcp.contentful.com/.well-known/mcp-server
contentignite.com,https://mcp.contentignite.com/.well-known/mcp-server
contentstudio.io,https://mcp.contentstudio.io/.well-known/mcp-server
conteshop.nl,https://mcp.conteshop.nl/.well-known/mcp-server
contextqa.com,https://mcp.contextqa.com/.well-known/mcp-server
continue.co,https://mcp.continue.co/.well-known/mcp-server
contractworkplaces.com,https://mcp.contractworkplaces.com/.well-known/mcp-server
controlle.com,https://mcp.controlle.com/.well-known/mcp-server
converge.it,https://mcp.converge.it/.well-known/mcp-server
conversionmediagroup.com,https://mcp.conversionmediagroup.com/.well-known/mcp-server
convertor.se,https://mcp.convertor.se/.well-known/mcp-server
convesio.com,https://mcp.convesio.com/.well-known/mcp-server
convex.dev,https://mcp.convex.dev/.well-known/mcp-server
conveyor.com,https://mcp.conveyor.com/.well-known/mcp-server
conviva.ai,https://mcp.conviva.ai/.well-known/mcp-server
coolset.com,https://mcp.coolset.com/.well-known/mcp-server
coolshop.com,https://mcp.coolshop.com/.well-known/mcp-server
cooroundtable.com,https://mcp.cooroundtable.com/.well-known/mcp-server
copilot.money,https://mcp.copilot.money/.well-known/mcp-server
copilotkit.ai,https://mcp.copilotkit.ai/.well-known/mcp-server
cordova.com,https://mcp.cordova.com/.well-known/mcp-server
coresignal.com,https://mcp.coresignal.com/.well-known/mcp-server
coretava.com,https://mcp.coretava.com/.well-known/mcp-server
coris.ai,https://mcp.coris.ai/.well-known/mcp-server
corneliajames.com,https://mcp.corneliajames.com/.well-known/mcp-server
coros.com,https://mcp.coros.com/.well-known/mcp-server
cortea.ai,https://mcp.cortea.ai/.well-known/mcp-server
cortex.io,https://mcp.cortex.io/.well-known/mcp-server
cosmitude.com,https://mcp.cosmitude.com/.well-known/mcp-server
costplusdrugs.com,https://mcp.costplusdrugs.com/.well-known/mcp-server
cotality.com,https://mcp.cotality.com/.well-known/mcp-server
cottages.com,https://mcp.cottages.com/.well-known/mcp-server
coupler.io,https://mcp.coupler.io/.well-known/mcp-server
courier.com,https://mcp.courier.com/.well-known/mcp-server
coval.ai,https://mcp.coval.ai/.well-known/mcp-server
covu.com,https://mcp.covu.com/.well-known/mcp-server
cpic.or.cr,https://mcp.cpic.or.cr/.well-known/mcp-server
cplace.com,https://mcp.cplace.com/.well-known/mcp-server
cquencehealth.com,https://mcp.cquencehealth.com/.well-known/mcp-server
craft.io,https://mcp.craft.io/.well-known/mcp-server
creatordb.app,https://mcp.creatordb.app/.well-known/mcp-server
credibledata.com,https://mcp.credibledata.com/.well-known/mcp-server
creditmountain.co,https://mcp.creditmountain.co/.well-known/mcp-server
credix.finance,https://mcp.credix.finance/.well-known/mcp-server
credplatform.com,https://mcp.credplatform.com/.well-known/mcp-server
credyt.ai,https://mcp.credyt.ai/.well-known/mcp-server
cremedelacreme.io,https://mcp.cremedelacreme.io/.well-known/mcp-server
crewos.io,https://mcp.crewos.io/.well-known/mcp-server
crono.one,https://mcp.crono.one/.well-known/mcp-server
crossbeam.com,https://mcp.crossbeam.com/.well-known/mcp-server
crowdfox.pro,https://mcp.crowdfox.pro/.well-known/mcp-server
crowdin.com,https://mcp.crowdin.com/.well-known/mcp-server
crowdreply.io,https://mcp.crowdreply.io/.well-known/mcp-server
crstl.ai,https://mcp.crstl.ai/.well-known/mcp-server
crustdata.com,https://mcp.crustdata.com/.well-known/mcp-server
cruva.com,https://mcp.cruva.com/.well-known/mcp-server
cruworldwine.com,https://mcp.cruworldwine.com/.well-known/mcp-server
crypto.com,https://mcp.crypto.com/.well-known/mcp-server
cryptoquant.com,https://mcp.cryptoquant.com/.well-known/mcp-server
cryptorefills.com,https://mcp.cryptorefills.com/.well-known/mcp-server
crystalknows.com,https://mcp.crystalknows.com/.well-known/mcp-server
crystallize.com,https://mcp.crystallize.com/.well-known/mcp-server
cscale.io,https://mcp.cscale.io/.well-known/mcp-server
csllcnow.com,https://mcp.csllcnow.com/.well-known/mcp-server
cst.co.uk,https://mcp.cst.co.uk/.well-known/mcp-server
cta.tech,https://mcp.cta.tech/.well-known/mcp-server
cuballama.com,https://mcp.cuballama.com/.well-known/mcp-server
cubesoftware.com,https://mcp.cubesoftware.com/.well-known/mcp-server
cubitrek.com,https://mcp.cubitrek.com/.well-known/mcp-server
cuckooworkout.com,https://mcp.cuckooworkout.com/.well-known/mcp-server
cuelinks.com,https://mcp.cuelinks.com/.well-known/mcp-server
cuemath.com,https://mcp.cuemath.com/.well-known/mcp-server
cumar.com.ar,https://mcp.cumar.com.ar/.well-known/mcp-server
cumbuca.com,https://mcp.cumbuca.com/.well-known/mcp-server
curate.co,https://mcp.curate.co/.well-known/mcp-server
curemedia.com,https://mcp.curemedia.com/.well-known/mcp-server
curri.com,https://mcp.curri.com/.well-known/mcp-server
cushingterrell.com,https://mcp.cushingterrell.com/.well-known/mcp-server
cusip.com,https://mcp.cusip.com/.well-known/mcp-server
customer.io,https://mcp.customer.io/.well-known/mcp-server
customerly.io,https://mcp.customerly.io/.well-known/mcp-server
customerscore.io,https://mcp.customerscore.io/.well-known/mcp-server
customily.com,https://mcp.customily.com/.well-known/mcp-server
cuure.com,https://mcp.cuure.com/.well-known/mcp-server
cxplanner.com,https://mcp.cxplanner.com/.well-known/mcp-server
cyberday.ai,https://mcp.cyberday.ai/.well-known/mcp-server
cyberwave.com,https://mcp.cyberwave.com/.well-known/mcp-server
cycloid.io,https://mcp.cycloid.io/.well-known/mcp-server
cymulate.com,https://mcp.cymulate.com/.well-known/mcp-server
cypress.io,https://mcp.cypress.io/.well-known/mcp-server
daemo.ai,https://mcp.daemo.ai/.well-known/mcp-server
daloopa.com,https://mcp.daloopa.com/.well-known/mcp-server
dana.id,https://mcp.dana.id/.well-known/mcp-server
dancingdeadrecords.com,https://mcp.dancingdeadrecords.com/.well-known/mcp-server
danelfin.com,https://mcp.danelfin.com/.well-known/mcp-server
daniel-ip.com,https://mcp.daniel-ip.com/.well-known/mcp-server
dapta.ai,https://mcp.dapta.ai/.well-known/mcp-server
darkmatter.is,https://mcp.darkmatter.is/.well-known/mcp-server
dartai.com,https://mcp.dartai.com/.well-known/mcp-server
dash.fi,https://mcp.dash.fi/.well-known/mcp-server
dashbo.io,https://mcp.dashbo.io/.well-known/mcp-server
dashsocial.com,https://mcp.dashsocial.com/.well-known/mcp-server
data-axle.com,https://mcp.data-axle.com/.well-known/mcp-server
data.gouv.fr,https://mcp.data.gouv.fr/.well-known/mcp-server
databar.ai,https://mcp.databar.ai/.well-known/mcp-server
databox.com,https://mcp.databox.com/.well-known/mcp-server
datadome.co,https://mcp.datadome.co/.well-known/mcp-server
dataforma.com,https://mcp.dataforma.com/.well-known/mcp-server
dataforseo.com,https://mcp.dataforseo.com/.well-known/mcp-server
datagol.ai,https://mcp.datagol.ai/.well-known/mcp-server
datahawk.co,https://mcp.datahawk.co/.well-known/mcp-server
datahub.com,https://mcp.datahub.com/.well-known/mcp-server
datalinks.com,https://mcp.datalinks.com/.well-known/mcp-server
datamaran.com,https://mcp.datamaran.com/.well-known/mcp-server
datanomik.com,https://mcp.datanomik.com/.well-known/mcp-server
dataplor.com,https://mcp.dataplor.com/.well-known/mcp-server
datapolicy.co,https://mcp.datapolicy.co/.well-known/mcp-server
dataprovider.com,https://mcp.dataprovider.com/.well-known/mcp-server
datarails.com,https://mcp.datarails.com/.well-known/mcp-server
dataslayer.ai,https://mcp.dataslayer.ai/.well-known/mcp-server
dataspike.io,https://mcp.dataspike.io/.well-known/mcp-server
datayes.com,https://mcp.datayes.com/.well-known/mcp-server
datocms.com,https://mcp.datocms.com/.well-known/mcp-server
dcluttr.ai,https://mcp.dcluttr.ai/.well-known/mcp-server
dcm-inc.com,https://mcp.dcm-inc.com/.well-known/mcp-server
dcycle.io,https://mcp.dcycle.io/.well-known/mcp-server
dealmachine.com,https://mcp.dealmachine.com/.well-known/mcp-server
dealroom.co,https://mcp.dealroom.co/.well-known/mcp-server
dealsplus.io,https://mcp.dealsplus.io/.well-known/mcp-server
deapi.ai,https://mcp.deapi.ai/.well-known/mcp-server
decaid.ai,https://mcp.decaid.ai/.well-known/mcp-server
dedaluslabs.ai,https://mcp.dedaluslabs.ai/.well-known/mcp-server
deducta.ai,https://mcp.deducta.ai/.well-known/mcp-server
deepfaic.com,https://mcp.deepfaic.com/.well-known/mcp-server
deepfreeze.com.br,https://mcp.deepfreeze.com.br/.well-known/mcp-server
deepidv.com,https://mcp.deepidv.com/.well-known/mcp-server
deepintent.com,https://mcp.deepintent.com/.well-known/mcp-server
deeploy.ai,https://mcp.deeploy.ai/.well-known/mcp-server
deepsource.com,https://mcp.deepsource.com/.well-known/mcp-server
defactotech.com,https://mcp.defactotech.com/.well-known/mcp-server
defense.com,https://mcp.defense.com/.well-known/mcp-server
defense.com™,https://mcp.defense.com™/.well-known/mcp-server
deficarrot.com,https://mcp.deficarrot.com/.well-known/mcp-server
delta.app,https://mcp.delta.app/.well-known/mcp-server
deltax.la,https://mcp.deltax.la/.well-known/mcp-server
democracy.works,https://mcp.democracy.works/.well-known/mcp-server
demola.net,https://mcp.demola.net/.well-known/mcp-server
demostack.com,https://mcp.demostack.com/.well-known/mcp-server
dennislawgh.com,https://mcp.dennislawgh.com/.well-known/mcp-server
deonlinedrogist.nl,https://mcp.deonlinedrogist.nl/.well-known/mcp-server
desch.com,https://mcp.desch.com/.well-known/mcp-server
descope.com,https://mcp.descope.com/.well-known/mcp-server
deskea.com,https://mcp.deskea.com/.well-known/mcp-server
deskfirst.com,https://mcp.deskfirst.com/.well-known/mcp-server
deso.com,https://mcp.deso.com/.well-known/mcp-server
detrack.com,https://mcp.detrack.com/.well-known/mcp-server
detrics.io,https://mcp.detrics.io/.well-known/mcp-server
devally.com,https://mcp.devally.com/.well-known/mcp-server
devcycle.com,https://mcp.devcycle.com/.well-known/mcp-server
devdynamics.ai,https://mcp.devdynamics.ai/.well-known/mcp-server
devin.ai,https://mcp.devin.ai/.well-known/mcp-server
devxhub.com,https://mcp.devxhub.com/.well-known/mcp-server
dgline.it,https://mcp.dgline.it/.well-known/mcp-server
dhan.co,https://mcp.dhan.co/.well-known/mcp-server
dice.com,https://mcp.dice.com/.well-known/mcp-server
dichiarofacile.it,https://mcp.dichiarofacile.it/.well-known/mcp-server
didlogic.com,https://mcp.didlogic.com/.well-known/mcp-server
diffbot.com,https://mcp.diffbot.com/.well-known/mcp-server
diffly.co,https://mcp.diffly.co/.well-known/mcp-server
digibull.ai,https://mcp.digibull.ai/.well-known/mcp-server
digioh.com,https://mcp.digioh.com/.well-known/mcp-server
digistore24.com,https://mcp.digistore24.com/.well-known/mcp-server
digital-masters.de,https://mcp.digital-masters.de/.well-known/mcp-server
digitald.tech,https://mcp.digitald.tech/.well-known/mcp-server
digitaldeluxe.com.au,https://mcp.digitaldeluxe.com.au/.well-known/mcp-server
digitaldtech.com,https://mcp.digitaldtech.com/.well-known/mcp-server
digitalhamster.com,https://mcp.digitalhamster.com/.well-known/mcp-server
digitaloriginal.app,https://mcp.digitaloriginal.app/.well-known/mcp-server
digitalpages.com.br,https://mcp.digitalpages.com.br/.well-known/mcp-server
digitalpolicyalert.org,https://mcp.digitalpolicyalert.org/.well-known/mcp-server
digitalsamba.com,https://mcp.digitalsamba.com/.well-known/mcp-server
digitalsurge.com.au,https://mcp.digitalsurge.com.au/.well-known/mcp-server
digoo-it.com,https://mcp.digoo-it.com/.well-known/mcp-server
dimoauto.com,https://mcp.dimoauto.com/.well-known/mcp-server
dingtalk.com,https://mcp.dingtalk.com/.well-known/mcp-server
discovercars.com,https://mcp.discovercars.com/.well-known/mcp-server
dispatchit.com,https://mcp.dispatchit.com/.well-known/mcp-server
distil.ai,https://mcp.distil.ai/.well-known/mcp-server
dizzain.com,https://mcp.dizzain.com/.well-known/mcp-server
dj.studio,https://mcp.dj.studio/.well-known/mcp-server
dm.de,https://mcp.dm.de/.well-known/mcp-server
dma-group.co.uk,https://mcp.dma-group.co.uk/.well-known/mcp-server
dmgmori.com,https://mcp.dmgmori.com/.well-known/mcp-server
dng.ai,https://mcp.dng.ai/.well-known/mcp-server
dobbyads.com,https://mcp.dobbyads.com/.well-known/mcp-server
docsautomator.co,https://mcp.docsautomator.co/.well-known/mcp-server
doctranslate.io,https://mcp.doctranslate.io/.well-known/mcp-server
dodopayments.com,https://mcp.dodopayments.com/.well-known/mcp-server
doit.com,https://mcp.doit.com/.well-known/mcp-server
dokaa.app,https://mcp.dokaa.app/.well-known/mcp-server
doktormartin.sk,https://mcp.doktormartin.sk/.well-known/mcp-server
doktorsitesi.com,https://mcp.doktorsitesi.com/.well-known/mcp-server
doku.com,https://mcp.doku.com/.well-known/mcp-server
dometrain.com,https://mcp.dometrain.com/.well-known/mcp-server
doola.com,https://mcp.doola.com/.well-known/mcp-server
dorsia.com,https://mcp.dorsia.com/.well-known/mcp-server
dotter.me,https://mcp.dotter.me/.well-known/mcp-server
dottopia.com,https://mcp.dottopia.com/.well-known/mcp-server
doubletick.io,https://mcp.doubletick.io/.well-known/mcp-server
drakerep.com,https://mcp.drakerep.com/.well-known/mcp-server
drata.com,https://mcp.drata.com/.well-known/mcp-server
dreamlit.ai,https://mcp.dreamlit.ai/.well-known/mcp-server
driva.io,https://mcp.driva.io/.well-known/mcp-server
drivana.mx,https://mcp.drivana.mx/.well-known/mcp-server
drivops.com,https://mcp.drivops.com/.well-known/mcp-server
drmobile.com.br,https://mcp.drmobile.com.br/.well-known/mcp-server
dromeiot.com,https://mcp.dromeiot.com/.well-known/mcp-server
dronahq.com,https://mcp.dronahq.com/.well-known/mcp-server
dronedeploy.com,https://mcp.dronedeploy.com/.well-known/mcp-server
droners.io,https://mcp.droners.io/.well-known/mcp-server
dronus.com,https://mcp.dronus.com/.well-known/mcp-server
dropcontact.com,https://mcp.dropcontact.com/.well-known/mcp-server
dropcowboy.com,https://mcp.dropcowboy.com/.well-known/mcp-server
drtaerospace.com,https://mcp.drtaerospace.com/.well-known/mcp-server
drugbank.com,https://mcp.drugbank.com/.well-known/mcp-server
dstillery.com,https://mcp.dstillery.com/.well-known/mcp-server
dubaisc.ae,https://mcp.dubaisc.ae/.well-known/mcp-server
duda.co,https://mcp.duda.co/.well-known/mcp-server
duelapay.com,https://mcp.duelapay.com/.well-known/mcp-server
dukascopy.com,https://mcp.dukascopy.com/.well-known/mcp-server
dynamicmockups.com,https://mcp.dynamicmockups.com/.well-known/mcp-server
dynamicore.io,https://mcp.dynamicore.io/.well-known/mcp-server
dyvenia.com,https://mcp.dyvenia.com/.well-known/mcp-server
e-cruce.com,https://mcp.e-cruce.com/.well-known/mcp-server
e-gineering.com,https://mcp.e-gineering.com/.well-known/mcp-server
e37.se,https://mcp.e37.se/.well-known/mcp-server
e4k.co,https://mcp.e4k.co/.well-known/mcp-server
easesolutions.com,https://mcp.easesolutions.com/.well-known/mcp-server
eastelectricalsupply.com,https://mcp.eastelectricalsupply.com/.well-known/mcp-server
easycomp.ai,https://mcp.easycomp.ai/.well-known/mcp-server
easydmarc.com,https://mcp.easydmarc.com/.well-known/mcp-server
easyleadz.com,https://mcp.easyleadz.com/.well-known/mcp-server
easyship.com,https://mcp.easyship.com/.well-known/mcp-server
ecair.eco,https://mcp.ecair.eco/.well-known/mcp-server
ecdb.com,https://mcp.ecdb.com/.well-known/mcp-server
echo.ai,https://mcp.echo.ai/.well-known/mcp-server
echomotion.ai,https://mcp.echomotion.ai/.well-known/mcp-server
economicmind.com,https://mcp.economicmind.com/.well-known/mcp-server
economybookings.com,https://mcp.economybookings.com/.well-known/mcp-server
ecosystem.ai,https://mcp.ecosystem.ai/.well-known/mcp-server
eden.so,https://mcp.eden.so/.well-known/mcp-server
edgetier.com,https://mcp.edgetier.com/.well-known/mcp-server
edgevana.com,https://mcp.edgevana.com/.well-known/mcp-server
edgewaterresearch.com,https://mcp.edgewaterresearch.com/.well-known/mcp-server
edito-pdf.com,https://mcp.edito-pdf.com/.well-known/mcp-server
edittree.in,https://mcp.edittree.in/.well-known/mcp-server
edustoke.com,https://mcp.edustoke.com/.well-known/mcp-server
effectix.com,https://mcp.effectix.com/.well-known/mcp-server
efultimatebreak.com,https://mcp.efultimatebreak.com/.well-known/mcp-server
einsteinmoving.com,https://mcp.einsteinmoving.com/.well-known/mcp-server
eka.care,https://mcp.eka.care/.well-known/mcp-server
eker.com,https://mcp.eker.com/.well-known/mcp-server
el-dokan.com,https://mcp.el-dokan.com/.well-known/mcp-server
eleanorhealthcaregroup.co.uk,https://mcp.eleanorhealthcaregroup.co.uk/.well-known/mcp-server
elementbrooklyn.com,https://mcp.elementbrooklyn.com/.well-known/mcp-server
elemera.au,https://mcp.elemera.au/.well-known/mcp-server
elevva.co,https://mcp.elevva.co/.well-known/mcp-server
eliex.ai,https://mcp.eliex.ai/.well-known/mcp-server
elitesportstours.com,https://mcp.elitesportstours.com/.well-known/mcp-server
elkat.no,https://mcp.elkat.no/.well-known/mcp-server
ellipsend.com,https://mcp.ellipsend.com/.well-known/mcp-server
ellty.com,https://mcp.ellty.com/.well-known/mcp-server
elnora.ai,https://mcp.elnora.ai/.well-known/mcp-server
em360tech.com,https://mcp.em360tech.com/.well-known/mcp-server
embankment.com,https://mcp.embankment.com/.well-known/mcp-server
emerge-tech.io,https://mcp.emerge-tech.io/.well-known/mcp-server
enapter.com,https://mcp.enapter.com/.well-known/mcp-server
encoda.com,https://mcp.encoda.com/.well-known/mcp-server
encompassonsite.com,https://mcp.encompassonsite.com/.well-known/mcp-server
endotech.io,https://mcp.endotech.io/.well-known/mcp-server
endre.app,https://mcp.endre.app/.well-known/mcp-server
enercity.de,https://mcp.enercity.de/.well-known/mcp-server
energyaspects.com,https://mcp.energyaspects.com/.well-known/mcp-server
energycap.com,https://mcp.energycap.com/.well-known/mcp-server
engrate.io,https://mcp.engrate.io/.well-known/mcp-server
enigma.com,https://mcp.enigma.com/.well-known/mcp-server
enji.co,https://mcp.enji.co/.well-known/mcp-server
enlyft.com,https://mcp.enlyft.com/.well-known/mcp-server
enric.ai,https://mcp.enric.ai/.well-known/mcp-server
enrich.so,https://mcp.enrich.so/.well-known/mcp-server
enshift.com,https://mcp.enshift.com/.well-known/mcp-server
enter.health,https://mcp.enter.health/.well-known/mcp-server
entravel.com,https://mcp.entravel.com/.well-known/mcp-server
entri.com,https://mcp.entri.com/.well-known/mcp-server
entro.security,https://mcp.entro.security/.well-known/mcp-server
envato.com,https://mcp.envato.com/.well-known/mcp-server
envest.com.tr,https://mcp.envest.com.tr/.well-known/mcp-server
enviaflores.com,https://mcp.enviaflores.com/.well-known/mcp-server
envoy.com,https://mcp.envoy.com/.well-known/mcp-server
envsn.com,https://mcp.envsn.com/.well-known/mcp-server
eon.io,https://mcp.eon.io/.well-known/mcp-server
epam.com,https://mcp.epam.com/.well-known/mcp-server
epcvip.com,https://mcp.epcvip.com/.well-known/mcp-server
epsilon3.io,https://mcp.epsilon3.io/.well-known/mcp-server
ept.ai,https://mcp.ept.ai/.well-known/mcp-server
equilityhq.com,https://mcp.equilityhq.com/.well-known/mcp-server
eramba.org,https://mcp.eramba.org/.well-known/mcp-server
erlin.ai,https://mcp.erlin.ai/.well-known/mcp-server
escape.tech,https://mcp.escape.tech/.well-known/mcp-server
esim.com.br,https://mcp.esim.com.br/.well-known/mcp-server
espm.br,https://mcp.espm.br/.well-known/mcp-server
esputnik.com,https://mcp.esputnik.com/.well-known/mcp-server
essentiallysports.com,https://mcp.essentiallysports.com/.well-known/mcp-server
est-grp.com,https://mcp.est-grp.com/.well-known/mcp-server
estarter.co,https://mcp.estarter.co/.well-known/mcp-server
estoko.com,https://mcp.estoko.com/.well-known/mcp-server
esw.com,https://mcp.esw.com/.well-known/mcp-server
etermax.com,https://mcp.etermax.com/.well-known/mcp-server
etstur.com,https://mcp.etstur.com/.well-known/mcp-server
eulerapp.com,https://mcp.eulerapp.com/.well-known/mcp-server
eunice.ai,https://mcp.eunice.ai/.well-known/mcp-server
eurekabio.com,https://mcp.eurekabio.com/.well-known/mcp-server
evcomechanical.com,https://mcp.evcomechanical.com/.well-known/mcp-server
eventship.com,https://mcp.eventship.com/.well-known/mcp-server
everestlabs.ai,https://mcp.everestlabs.ai/.well-known/mcp-server
evernote.com,https://mcp.evernote.com/.well-known/mcp-server
evertrace.ai,https://mcp.evertrace.ai/.well-known/mcp-server
everwall.com,https://mcp.everwall.com/.well-known/mcp-server
everymanjack.com,https://mcp.everymanjack.com/.well-known/mcp-server
evolve-finance.com,https://mcp.evolve-finance.com/.well-known/mcp-server
evrim.ai,https://mcp.evrim.ai/.well-known/mcp-server
evye.co,https://mcp.evye.co/.well-known/mcp-server
exa.ai,https://mcp.exa.ai/.well-known/mcp-server
excopartners.com,https://mcp.excopartners.com/.well-known/mcp-server
exotel.com,https://mcp.exotel.com/.well-known/mcp-server
expanso.io,https://mcp.expanso.io/.well-known/mcp-server
explorium.ai,https://mcp.explorium.ai/.well-known/mcp-server
expo.dev,https://mcp.expo.dev/.well-known/mcp-server
extend.com,https://mcp.extend.com/.well-known/mcp-server
eyer.ai,https://mcp.eyer.ai/.well-known/mcp-server
eykdata.com,https://mcp.eykdata.com/.well-known/mcp-server
eztexting.com,https://mcp.eztexting.com/.well-known/mcp-server
ezurio.com,https://mcp.ezurio.com/.well-known/mcp-server
facesign.ai,https://mcp.facesign.ai/.well-known/mcp-server
facilio.com,https://mcp.facilio.com/.well-known/mcp-server
factori.ai,https://mcp.factori.ai/.well-known/mcp-server
facturadirecta.com,https://mcp.facturadirecta.com/.well-known/mcp-server
faculti.net,https://mcp.faculti.net/.well-known/mcp-server
fairly.com,https://mcp.fairly.com/.well-known/mcp-server
fakturaonline.cz,https://mcp.fakturaonline.cz/.well-known/mcp-server
fal.ai,https://mcp.fal.ai/.well-known/mcp-server
falconfeeds.io,https://mcp.falconfeeds.io/.well-known/mcp-server
familux.com,https://mcp.familux.com/.well-known/mcp-server
famousbirthdays.com,https://mcp.famousbirthdays.com/.well-known/mcp-server
fanalists.com,https://mcp.fanalists.com/.well-known/mcp-server
farmley.com,https://mcp.farmley.com/.well-known/mcp-server
fastbridgefiber.com,https://mcp.fastbridgefiber.com/.well-known/mcp-server
fastweigh.com,https://mcp.fastweigh.com/.well-known/mcp-server
feathershark.com,https://mcp.feathershark.com/.well-known/mcp-server
fed10.ai,https://mcp.fed10.ai/.well-known/mcp-server
feeco.com,https://mcp.feeco.com/.well-known/mcp-server
feedly.com,https://mcp.feedly.com/.well-known/mcp-server
feedspace.io,https://mcp.feedspace.io/.well-known/mcp-server
fergus.com,https://mcp.fergus.com/.well-known/mcp-server
ferryhopper.com,https://mcp.ferryhopper.com/.well-known/mcp-server
ferryscanner.com,https://mcp.ferryscanner.com/.well-known/mcp-server
fianu.io,https://mcp.fianu.io/.well-known/mcp-server
fiber.ai,https://mcp.fiber.ai/.well-known/mcp-server
fifthrow.com,https://mcp.fifthrow.com/.well-known/mcp-server
figr.design,https://mcp.figr.design/.well-known/mcp-server
file.ai,https://mcp.file.ai/.well-known/mcp-server
filika.co,https://mcp.filika.co/.well-known/mcp-server
finam.ru,https://mcp.finam.ru/.well-known/mcp-server
findable.ai,https://mcp.findable.ai/.well-known/mcp-server
findoctave.com,https://mcp.findoctave.com/.well-known/mcp-server
findy-team.io,https://mcp.findy-team.io/.well-known/mcp-server
findymail.com,https://mcp.findymail.com/.well-known/mcp-server
fingertip.com,https://mcp.fingertip.com/.well-known/mcp-server
finoptimal.com,https://mcp.finoptimal.com/.well-known/mcp-server
finout.io,https://mcp.finout.io/.well-known/mcp-server
finpact.ch,https://mcp.finpact.ch/.well-known/mcp-server
finthesis.io,https://mcp.finthesis.io/.well-known/mcp-server
fintoc.com,https://mcp.fintoc.com/.well-known/mcp-server
fireberry.com,https://mcp.fireberry.com/.well-known/mcp-server
firebird.ai,https://mcp.firebird.ai/.well-known/mcp-server
fireflies.ai,https://mcp.fireflies.ai/.well-known/mcp-server
firmao.pl,https://mcp.firmao.pl/.well-known/mcp-server
firstlight.farm,https://mcp.firstlight.farm/.well-known/mcp-server
fitbod.me,https://mcp.fitbod.me/.well-known/mcp-server
fitsamerica.com,https://mcp.fitsamerica.com/.well-known/mcp-server
fl3xx.com,https://mcp.fl3xx.com/.well-known/mcp-server
flalingo.com,https://mcp.flalingo.com/.well-known/mcp-server
flashbots.net,https://mcp.flashbots.net/.well-known/mcp-server
flashvote.com,https://mcp.flashvote.com/.well-known/mcp-server
flavorcloud.com,https://mcp.flavorcloud.com/.well-known/mcp-server
fleetx.io,https://mcp.fleetx.io/.well-known/mcp-server
flexmls.com,https://mcp.flexmls.com/.well-known/mcp-server
flipsnack.com,https://mcp.flipsnack.com/.well-known/mcp-server
flodesk.com,https://mcp.flodesk.com/.well-known/mcp-server
floorfound.com,https://mcp.floorfound.com/.well-known/mcp-server
floorspace.ca,https://mcp.floorspace.ca/.well-known/mcp-server
flora.ai,https://mcp.flora.ai/.well-known/mcp-server
flotiq.com,https://mcp.flotiq.com/.well-known/mcp-server
flowcode.com,https://mcp.flowcode.com/.well-known/mcp-server
flowcredi.com.br,https://mcp.flowcredi.com.br/.well-known/mcp-server
flowgenx.ai,https://mcp.flowgenx.ai/.well-known/mcp-server
flowlogic.com.au,https://mcp.flowlogic.com.au/.well-known/mcp-server
flowlu.com,https://mcp.flowlu.com/.well-known/mcp-server
flowrms.com,https://mcp.flowrms.com/.well-known/mcp-server
flue-ducting.co.uk,https://mcp.flue-ducting.co.uk/.well-known/mcp-server
fluix.io,https://mcp.fluix.io/.well-known/mcp-server
fluss.io,https://mcp.fluss.io/.well-known/mcp-server
flyin.com,https://mcp.flyin.com/.well-known/mcp-server
flylance.com,https://mcp.flylance.com/.well-known/mcp-server
flymy.ai,https://mcp.flymy.ai/.well-known/mcp-server
fogodechao.com,https://mcp.fogodechao.com/.well-known/mcp-server
fomo.ai,https://mcp.fomo.ai/.well-known/mcp-server
fonzi.ai,https://mcp.fonzi.ai/.well-known/mcp-server
foodello.com,https://mcp.foodello.com/.well-known/mcp-server
foresight.ai,https://mcp.foresight.ai/.well-known/mcp-server
forinvest.com,https://mcp.forinvest.com/.well-known/mcp-server
forkast.gg,https://mcp.forkast.gg/.well-known/mcp-server
formant.io,https://mcp.formant.io/.well-known/mcp-server
formassembly.com,https://mcp.formassembly.com/.well-known/mcp-server
formly.ai,https://mcp.formly.ai/.well-known/mcp-server
forte.co.nz,https://mcp.forte.co.nz/.well-known/mcp-server
forter.com,https://mcp.forter.com/.well-known/mcp-server
foundational.io,https://mcp.foundational.io/.well-known/mcp-server
founderplus.id,https://mcp.founderplus.id/.well-known/mcp-server
fountain.com,https://mcp.fountain.com/.well-known/mcp-server
fourthwall.tv,https://mcp.fourthwall.tv/.well-known/mcp-server
foxnews.com,https://mcp.foxnews.com/.well-known/mcp-server
fpre.ch,https://mcp.fpre.ch/.well-known/mcp-server
frambemanning.se,https://mcp.frambemanning.se/.well-known/mcp-server
frame.io,https://mcp.frame.io/.well-known/mcp-server
frandesa.by,https://mcp.frandesa.by/.well-known/mcp-server
frankencoin.com,https://mcp.frankencoin.com/.well-known/mcp-server
franklinsports.com,https://mcp.franklinsports.com/.well-known/mcp-server
frankyandricky.com,https://mcp.frankyandricky.com/.well-known/mcp-server
fraudlogix.com,https://mcp.fraudlogix.com/.well-known/mcp-server
freedom.world,https://mcp.freedom.world/.well-known/mcp-server
freee.co.jp,https://mcp.freee.co.jp/.well-known/mcp-server
freee.k.k.,https://mcp.freee.k.k./.well-known/mcp-server
freelo.io,https://mcp.freelo.io/.well-known/mcp-server
fresha.com,https://mcp.fresha.com/.well-known/mcp-server
freshauto.ru,https://mcp.freshauto.ru/.well-known/mcp-server
freshbus.com,https://mcp.freshbus.com/.well-known/mcp-server
freshpoint.cz,https://mcp.freshpoint.cz/.well-known/mcp-server
freshtrackscanada.com,https://mcp.freshtrackscanada.com/.well-known/mcp-server
frictionlessit.net,https://mcp.frictionlessit.net/.well-known/mcp-server
friday.nl,https://mcp.friday.nl/.well-known/mcp-server
front.com,https://mcp.front.com/.well-known/mcp-server
frontguys.fr,https://mcp.frontguys.fr/.well-known/mcp-server
frsport.com,https://mcp.frsport.com/.well-known/mcp-server
fryd.app,https://mcp.fryd.app/.well-known/mcp-server
fulcra.ai,https://mcp.fulcra.ai/.well-known/mcp-server
fulfyld.com,https://mcp.fulfyld.com/.well-known/mcp-server
fundacion-viva.org,https://mcp.fundacion-viva.org/.well-known/mcp-server
fundify.com,https://mcp.fundify.com/.well-known/mcp-server
fungies.io,https://mcp.fungies.io/.well-known/mcp-server
furious-squad.com,https://mcp.furious-squad.com/.well-known/mcp-server
fuse.io,https://mcp.fuse.io/.well-known/mcp-server
fuselabcreative.com,https://mcp.fuselabcreative.com/.well-known/mcp-server
fusionpact.com,https://mcp.fusionpact.com/.well-known/mcp-server
futureprinciple.com,https://mcp.futureprinciple.com/.well-known/mcp-server
futuresearch.ai,https://mcp.futuresearch.ai/.well-known/mcp-server
futuresnoops.com,https://mcp.futuresnoops.com/.well-known/mcp-server
fydeos.io,https://mcp.fydeos.io/.well-known/mcp-server
fyers.in,https://mcp.fyers.in/.well-known/mcp-server
fyma.ai,https://mcp.fyma.ai/.well-known/mcp-server
fynite.ai,https://mcp.fynite.ai/.well-known/mcp-server
fyxer.com,https://mcp.fyxer.com/.well-known/mcp-server
fyxt.com,https://mcp.fyxt.com/.well-known/mcp-server
g2.com,https://mcp.g2.com/.well-known/mcp-server
gaana.com,https://mcp.gaana.com/.well-known/mcp-server
gabriel.sk,https://mcp.gabriel.sk/.well-known/mcp-server
